schooldistance,address,schoolrating
0.9,2905 Breeze Ter,7
0.8,2008 E 22nd St,7
0.8,2505 Givens Ave,7
1.6,4020 Airport Blvd # 1,7
1.8,4302 Parkwood Rd,7
0.5,2139 Surrender Ave,7
0.6,2003 Surrender Ave,7
0.1,13502 Broadmeade Ave,7
1.6,7800 Southwest Pkwy UNIT 613,9
9.6,9122 Granada Hills Dr,10
2.8,6000 Shepherd Mountain Cv,10
2.5,407 Lago Verde Rd,9
2.0,Hacienda Rdg,10
4.0,Sojourner St,4
3.7,Imperial Dr,9
3.4,14835 Single Trce,7
2.4,16021 Serene Fleming Trce,7
3.0,3409 Kissman Dr,7
2.4,3618 Kennedy Grace Ln,7
2.4,3618 Kennedy Grace Ln,7
4.1,1401 Phillip Ct,9
1.4,7701 Rialto Blvd APT 21,9
10.9,7845 Aria Loop,10
2.8,3203 Clumpgrass Cv,9
0.5,753 Catalina Ln,9
14.1,12131 Fitzhugh Rd,10
12.1,378 Mary Elise Way,10
1.1,7625 Evening Sky Cir # G-14,9
3.6,8301 Arboles Cir,9
3.8,16905 Westview Trl,9
5.4,260 Mallet Ct,10
10.8,9109 Honeycomb Dr,10
6.1,12 Long Creek Rd,10
4.3,1013 Hidden Hills Dr,10
4.3,Paisano Trl,10
1.8,8025 Cobblestone,9
2.8,8408 Calera Dr,9
3.1,8320 Chalk Knoll Dr,9
2.0,7523 Escala Dr,9
13.7,11600 Antler Bend Rd,10
2.9,8905 Mission Creek Cv,9
0.4,201 Canterbury Dr,9
1.9,174 Big Meadow Rd,9
12.1,378 Mary Elise Way,10
12.1,378 Mary Elise Way,10
1.9,Grassy Field Rd,9
9.6,8525 Lookout Cliff Pass,10
0.8,136 Welshpool Ct,9
0.2,681 Harris Dr,9
9.9,8509 High Summit Ln,10
0.4,110 Eaton Ln,9
3.2,287 Emma Loop,9
3.2,9010 Wintercreeper Cv,9
6.2,19 Long Creek Rd,10
3.0,3102 Fleece Flower Cv,9
1.6,10630 Cedar Paw,9
0.3,138 Wellington Dr,9
5.9,13230 Rooster Springs Rd,10
0.4,120 Victoria Ct,9
1.2,10820 Signal Hill Rd,9
1.4,242 Clear Pond Cv,9
0.8,645 Brentwood Dr,9
0.5,753 Catalina Ln,9
12.1,378 Mary Elise Way,10
0.6,381 Lexington Dr,9
2.8,8537 Calera Dr,9
3.2,8420 Chalk Knoll Dr,9
0.7,188 Nantucket Cir,9
2.8,810 Kemp Hills Dr,9
9.3,9001 Gallant Fox Rd,10
0.4,131 Saint Richie Ln,9
1.4,281 Stoney Point Rd,9
3.0,Bear Creek Pass,9
3.3,269 Margaret Cir,9
3.4,238 Margaret Cir,9
2.2,3601 Lost Creek Blvd,9
0.8,311 Littleton Dr,9
5.9,209 Heritage Dr,10
1.9,131 Blazing Star Dr,9
1.5,1561 Cool Spring Way,9
0.6,977 Catalina Ln,9
0.6,138 Mirafield Ln,9
1.6,135 Willow Walk Cv # 168,9
5.8,15 Heritage Oaks Dr,10
0.6,13201 W Highway 290,9
0.8,631 Brentwood Dr,9
4.7,319 Carol Ann Dr,10
0.8,645 Brentwood Dr,9
1.1,10820 Signal Hill Rd,9
3.9,17008 Whitetail Run,9
0.3,131 Kinloch Ct,9
1.0,459 Drury Ln,9
10.6,8007 Lewis Mountain Dr,10
0.6,404 Mirafield Ln,9
0.5,753 Catalina Ln,9
0.7,255 Seneca Drive,9
5.6,34 Longwood Rd,10
6.0,1 Carriage House Ln,10
0.5,111 Pagosa Ct,9
0.3,250 Bolton Dr,9
0.6,Naples Ln,9
0.5,110 Serenity Ct,9
0.7,250 Longmont Ln,9
0.4,212 Bradshaw Dr,9
1.7,152 Mallard Cv,9
4.4,503 Gato Del Sol,10
5.2,1041 Polo Club Dr,10
0.4,151 Palisade Dr,9
1.8,136 Mallard Cv,9
0.6,163 Gallatin Court,9
1.4,Pauls Valley Rd,9
1.9,8200 Southwest Pkwy UNIT 704,9
1.8,272 Blazing Star Dr,9
1.8,178 Honey Bee Ln,9
3.3,2300 Barton Creek Blvd APT 2,9
2.9,8901 Calera Dr,9
3.2,2305 Barton Creek Blvd UNIT 7,9
2.9,8816 Calera Dr,9
2.9,3101 Fleece Flower Cv,9
1.9,8200 Southwest Pkwy UNIT 704,9
1.6,7800 Southwest Pkwy UNIT 2011,9
2.8,8817 Calera Dr,9
1.9,8200 Southwest Pkwy UNIT 705,9
2.0,5700 Fort Benton Dr,9
4.3,1013 Hidden Hills Dr,10
2.9,2626 Ravello Ridge Dr,9
0.5,753 Catalina Ln,9
0.7,163 Gallatin Court,9
6.4,415 Limestone Trl # 57,10
4.3,1013 Hidden Hills Dr,10
4.4,503 Gato Del Sol,10
4.4,481 Gato Del Sol,10
13.6,Signal Hill Dr,10
12.1,378 Mary Elise Way,10
4.4,503 Gato Del Sol,10
3.1,8610 Navidad Dr,9
2.4,7718 Sandia Loop,9
3.6,1912 Wimberly Ln,9
3.2,2709 Maravillas Cv,9
1.9,7601 Escala Dr,9
3.0,3504 Barton Creek Blvd,9
3.2,8521 Chalk Knoll Dr,9
2.4,8225 Carranzo Dr,9
1.2,4513 Foster Ranch Rd,9
1.6,7800 Southwest Pkwy UNIT 2011,9
3.1,8420 Chalk Knoll Dr,9
3.6,8830 Chalk Knoll Dr,9
1.6,7800 Southwest Pkwy UNIT 2011,9
1.6,7800 Southwest Pkwy UNIT 2011,9
3.1,3740 Lost Creek Blvd,9
1.4,7701 Rialto Blvd APT 21,9
1.4,7701 Rialto Blvd APT 21,9
1.5,3505 Travis Country Cir,9
6.6,476 Stone View Trl,10
1.4,7701 Rialto Blvd APT 21,9
6.6,318 Stone View Trl,10
4.3,1013 Hidden Hills Dr,10
4.3,1013 Hidden Hills Dr,10
2.8,8416 Calera Dr,9
2.7,906 Kemp Hills Dr,9
0.3,221 Saint Richie Ln,9
0.5,240 Monarch Ln,9
10.1,8701 W View Rd,10
10.1,8701 W View Rd,10
4.3,1013 Hidden Hills Dr,10
0.7,576 Brentwood Dr,9
6.3,155 Rock Vista Run,10
4.3,1013 Hidden Hills Dr,10
10.6,7407 Lenape Trl,10
4.3,1013 Hidden Hills Dr,10
4.0,8304 Sage Mountain Trl,9
11.1,8405 La Plata Loop,10
3.3,7303 Whispering Creek Cir # B,9
0.7,576 Brentwood Dr,9
2.4,6900 Covered Bridge Dr,9
2.2,7810 Dadiva Ct,9
1.1,5832 Terravista Dr,9
2.7,8409 Calera Dr,9
3.6,Wimberly Cv,9
2.8,8108 Navidad Dr,9
2.1,4500 Peralta Ln,9
2.1,Lost Creek Blvd,9
2.5,7316 Highland Bluff Cv # C-5,9
0.9,5713 Terravista Dr,9
1.9,4700 Trail West Dr,9
2.7,2908 Navidad Cv,9
2.5,8500 Carranzo Dr,9
1.6,5004 Calhoun Canyon Loop,9
2.4,7710 Sandia Loop,9
1.4,7813 Meloncon Cv,9
0.8,5658 Oak Blvd # 0,9
2.0,7828 Escala Dr,9
2.5,4416 Amarra Dr,9
3.0,3200 Bratton Heights Dr,7
2.4,3618 Kennedy Grace Ln,7
1.1,7321 Morning Sunrise Cv,9
5.6,15012 Haley Holw,7
4.4,4611 Belfield Ln,4
3.7,14609 Menifee St,4
3.7,Veldt Dr,9
2.4,8213 Carranzo Dr,9
4.4,4610 Senda Ln,4
3.9,3708 Sojourner St,4
0.4,4 Cloverbrook Ct,10
0.6,118 Schooner Dr,10
2.1,5729 Krause Ln APT 19,10
0.3,23 Lost Meadow Trl,10
0.6,203 Rocky Coast Dr,10
0.7,30 Club Estates Pkwy # A-2,10
1.3,204 Everton Cv,10
1.1,15204 Cabrillo Way,10
0.9,1611 Palisades Pointe Ln,10
2.0,11705 Yaupon Holly Ln,10
1.1,5421 Cherokee Draw Rd,10
0.4,11604 Emerald Falls Dr,10
1.7,16033 Cinca Terra Dr,10
0.6,11906 Colleyville Dr,10
0.9,8 Tournament Way UNIT 14,10
1.5,402 Black Wolf Run,10
1.3,102 Bella Colinas Dr,10
1.3,204 Everton Cv,10
1.3,204 Everton Cv,10
1.1,15204 Cabrillo Way,10
1.1,15204 Cabrillo Way,10
0.6,103 Double Eagle Dr # 103,10
1.7,16033 Cinca Terra Dr,10
1.7,16033 Cinca Terra Dr,10
1.7,16033 Cinca Terra Dr,10
1.7,16033 Cinca Terra Dr,10
1.1,15204 Cabrillo Way,10
1.1,15204 Cabrillo Way,10
1.3,204 Everton Cv,10
1.3,204 Everton Cv,10
1.7,16033 Cinca Terra Dr,10
1.7,16033 Cinca Terra Dr,10
1.7,16033 Cinca Terra Dr,10
1.1,15517 Cinca Terra Dr,10
2.1,4308 Falcon Head Nest Dr,10
1.1,15513 Cinca Terra Dr,10
1.6,5416 Castana Bnd,10
1.1,15204 Cabrillo Way,10
2.4,4313 Tambre Bnd,10
1.4,17 Monarch Oaks Ln,10
1.0,Tournament Way,10
2.4,Comanche Divide Cv,10
0.3,11710 Astoria Dr,10
0.7,12034 Pleasant Panorama Vw,10
1.7,16033 Cinca Terra Dr,10
0.5,3900 Serene Hills Dr,10
1.7,16033 Cinca Terra Dr,10
1.7,16033 Cinca Terra Dr,10
0.9,206 Neville Wood Ct,10
1.7,16033 Cinca Terra Dr,10
1.9,12413 Cherry Laurel Terrace,10
1.7,16033 Cinca Terra Dr,10
1.7,16033 Cinca Terra Dr,10
1.8,5605 Siracusa Drive,10
1.1,15204 Cabrillo Way,10
1.7,16033 Cinca Terra Dr,10
1.7,16033 Cinca Terra Dr,10
1.3,204 Everton Cv,10
0.5,108 Schooner Dr,10
1.5,13200 Bee Cave Pkwy # 32,10
1.9,5724 Spanish Oaks Club Blvd,10
2.0,4204 Hookbilled Kite,10
0.9,117 Black Wolf Run,10
1.5,13200 Bee Cave Pkwy # 31 W,10
2.0,4008 Coopers Hawk Cv,10
2.0,12100 Rayner Pl,10
1.0,18509 Mckay Cv,10
1.5,414 Maialina Cv,10
1.5,13200 Bee Cave Pkwy # 31 W,10
1.4,5217 Castana Bnd,10
1.9,12424 Cherry Laurel Ter,10
1.3,5509 Brady Bayou Cv,10
1.5,15804 Cinca Terra Dr,10
1.6,12221 Musket Rim St,10
1.3,507 Bowcross Pt,10
1.3,107 Bella Colinas Dr,10
1.7,15716 De Fortuna Dr,10
1.0,102 Edinburgh Isle Ct,10
1.0,1515 Resaca Blvd APT 1,10
1.2,501 Barolo Cv,10
1.0,18509 Mckay Cv,10
1.2,508 Summer Wilson Cv,10
0.8,15021 W State Highway 71,10
2.0,(M) 16036 La Rosa Drive Model # X6SAOD,10
1.3,904 Sweet Grass Ln,10
1.9,15604 Spillman Ranch Loop,10
0.6,318 Maxwell Way # 12,10
2.1,15000 Falconhead Grove Loop,10
1.5,13200 Bee Cave Pkwy # 31 W,10
1.6,5413 Castana Bnd,10
1.0,16000 Villa Frontera Dr,10
1.9,15912 Villa Frontera Dr,10
0.4,8 Dewdrop Cv,10
1.1,15204 Cabrillo Way,10
1.3,1011 Crestone Stream Dr,10
1.9,5600 Spanish Oaks Club Blvd,10
1.6,15932 Cinca Terra Dr,10
0.7,12325 Pleasant Hill Ct,10
1.7,16033 Cinca Terra Dr,10
1.2,501 Barolo Cv,10
1.9,13400 Overland Pass,10
0.2,3104 Hayden Bnd,10
1.2,501 Barolo Cv,10
0.6,103 Double Eagle Dr # 103,10
1.8,5625 Siragusa Dr,10
2.0,(M) 16036 La Rosa Drive Model # X6SAOD,10
1.2,1110 Crestone Stream Dr,10
1.9,5713 Viejo Dr,10
1.7,16033 Cinca Terra Dr,10
1.9,18416 Mcgloin Trl,10
2.7,4705 Gallego Cir,10
2.1,203 Maxwell Way,10
1.0,103 Pierce Range Rd,10
1.3,207 Enchanted Hilltop Way,10
1.6,11513 Warbler Ledge,10
0.2,190 World Of Tennis Sq # C-20,10
1.9,15900 Spillman Ranch Loop,10
0.9,304 Enchanted Hilltop Way,10
0.9,3 Tiburon Dr,10
1.7,16033 Cinca Terra Dr,10
1.1,15204 Cabrillo Way,10
1.7,16033 Cinca Terra Dr,10
1.7,16033 Cinca Terra Dr,10
1.0,5529 Brady Bayou Cv,10
2.5,13506 Golden Wave Loop # 52,10
1.2,4721 Monte Carmelo Pl,10
1.4,312 Coopers Crown Ln,10
1.7,16033 Cinca Terra Dr,10
2.1,15313 Falconhead Grove Loop,10
0.8,28 Hightrail Way,10
1.9,4712 Pecan Chase,10
1.1,18105 Heard Loop,10
1.9,4716 Pecan Chase,10
1.7,16033 Cinca Terra Dr,10
0.9,5 Championship Dr,10
1.3,807 Kenspur Ln,10
1.4,408 Bowcross Pt,10
1.7,16033 Cinca Terra Dr,10
0.7,66 Tiburon Dr,10
0.3,3004 Napa Dr,10
1.0,18509 Mckay Cv,10
1.9,15900 Villa Frontera Dr,10
1.0,5529 Brady Bayou Cv,10
2.6,Verde Mesa Cv,10
1.2,Flint Rock Rd,10
0.7,121 Kildrummy Ln,10
2.1,4513 Bat Falcon Dr,10
1.5,15816 Cinca Terra Dr,10
1.0,109 Golden Bear Cv,10
0.6,347 The Hills Dr # 2,10
1.2,501 Barolo Cv,10
1.5,15816 Cinca Terra Dr,10
1.3,14609 Hamilton Pool Rd,10
2.0,15609 Cabrillo Way,10
1.5,303 Lodestone Ln,10
1.5,303 Lodestone Ln,10
1.5,15816 Cinca Terra Dr,10
0.4,408 Luna Vista Dr,10
1.9,4300 Hennig Dr,10
1.3,520 Golden Bear Dr,10
1.0,201 Neville Wood Ct,10
2.3,14404 Piper Glen Dr,10
1.6,12200 Musket Rim St,10
1.1,19 Stillmeadow Dr,10
1.5,5106 Long Arrow Cyn,10
1.2,501 Barolo Cv,10
1.5,15816 Cinca Terra Dr,10
1.7,104 Burgess Ln,10
1.5,303 Lodestone Ln,10
1.4,409 Enchanted Hilltop Way,10
1.7,234 Aria Rdg # 102,10
1.1,6613 Davenport Divide Rd,10
1.3,4801 Paraiso Pkwy,10
2.0,12717 Little Blue Stem Cv,10
1.3,11419 Musket Rim St,10
0.7,3920 Serene Hills Dr,10
1.6,310 Duckhorn Pass,10
1.2,204 Tempranillo Way,10
0.8,12002 Pleasant Panorama Vw,10
1.1,15204 Cabrillo Way,10
0.7,112 Kildrummy Ln,10
1.5,303 Lodestone Ln,10
1.5,303 Lodestone Ln,10
1.4,205 Woodlands Ct,10
1.5,303 Lodestone Ln,10
1.6,5413 Castana Bnd,10
0.9,3 Championship Dr,10
0.7,306 Nautilus Ave,10
1.3,(Undisclosed Address),10
0.8,4303 Travis Vista Dr,10
2.4,3828 Vinalopo Dr,10
1.9,5713 Viejo Dr,10
0.2,145 World Of Tennis Sq,10
1.1,206 Golden Bear Dr,10
0.8,306 Duffy Ln,10
0.6,103 Rudder Dr,10
0.9,1610 Palisades Pointe Ln,10
1.1,45 Treehaven Ct # 3,10
0.5,13 Hedgebrook Way,10
0.9,221 Neville Wood Ct,10
2.0,5608 Laceback Ter,10
2.1,5729 Krause Ln APT 4A,10
1.3,4805 Paraiso Pkwy,10
2.0,(Undisclosed Address),10
0.6,303 The Hills Dr,10
0.7,12 Parkside Rd,10
1.7,219 Black Wolf Run,10
2.2,5808 Krause Ln,10
2.0,13005 Little Barton Ln,10
1.3,11632 Musket Rim St,10
1.3,213 Serene Hilltop Cir,10
0.4,11529 Emerald Falls Dr,10
1.3,211 Serene Hilltop Cir,10
0.7,45 Tiburon Dr,10
1.8,5645 Siragusa Dr,10
1.9,16111 Goldstrum Trl # 51,10
1.4,211 Woodlands Ct,10
2.0,Emory Oak Ln,10
2.5,3612 Royal Sage Dr # 25,10
2.3,3916 Sugarloaf Dr,10
1.9,16300 Steven Wayne Ct,10
1.7,16109 Rockies Run Smt,10
0.9,203 Tavish Trl,10
1.1,5212 Palermo Dr,10
1.2,4709 Monte Carmelo Pl,10
0.8,12010 Pleasant Panorama Vw,10
1.7,5216 Musket Cv,10
1.7,16033 Cinca Terra Dr,10
1.7,16033 Cinca Terra Dr,10
1.7,16033 Cinca Terra Dr,10
1.8,5629 Siragusa Dr,10
1.7,16033 Cinca Terra Dr,10
1.5,303 Lodestone Ln,10
1.7,16033 Cinca Terra Dr,10
1.3,16012 Zagros Way,10
0.8,5 Gentlebrook Bnd,10
1.4,206 Bella Colinas Dr,10
1.1,4533 Pyrenees Pass,10
2.1,5729 Krause Ln APT 4A,10
1.3,101 Porto Cima Ct,10
1.5,13200 Bee Cave Pkwy # 31 W,10
1.2,521 Baldovino Skwy,10
1.2,5216 Palermo Dr,10
0.3,11812 Uplands Ridge Dr,10
1.9,15912 Villa Frontera Dr,10
1.4,208 Cabo Del Sol Cv,10
0.8,15021 W Hwy 71,10
1.5,509 Forza Viola Way,10
1.0,18509 Mckay Cv,10
1.9,7201 Davenport Divide Rd,10
0.2,12029 Tulare Dr,10
1.6,12216 Musket Rim St,10
0.3,41 Lost Meadow Trl,10
0.6,105 Nautilus Ave,10
2.6,2758 Banning Tx,10
1.9,105 Tonkawa Rdg,10
1.9,15300 Snowmass Hts,10
0.9,35 Waterfall Dr,10
0.9,6 Chardon Ct,10
1.3,204 Everton Cv,10
1.5,16104 Maritime Alps Way,10
1.7,16033 Cinca Terra Dr,10
1.1,15204 Cabrillo Way,10
0.2,203 World Of Tennis Sq,10
0.7,52 Tiburon Dr,10
1.1,15204 Cabrillo Way,10
1.7,16033 Cinca Terra Dr,10
1.7,115 Aria Rdg,10
1.0,18509 Mckay Cv,10
1.9,7117 Davenport Divide Rd,10
1.7,16317 Rockies Run Smt,10
0.3,9 Butterfly Pl,10
1.7,16033 Cinca Terra Dr,10
0.7,136 Double Eagle Dr,10
1.7,16033 Cinca Terra Dr,10
1.7,16033 Cinca Terra Dr,10
1.0,16000 Villa Frontera Dr,10
1.1,4517 Pyrenees Pass,10
0.9,1 Tiburon Dr,10
1.0,4512 Spanish Oaks Club Blvd,10
1.5,3805 Serene Hills Dr,10
1.8,204 Black Wolf Run,10
0.7,576 Brentwood Dr,9
1.5,127 Lakota Pass,10
1.4,Golden Bear Dr,10
0.7,576 Brentwood Dr,9
1.2,211 Golden Bear Dr,10
4.3,1013 Hidden Hills Dr,10
4.3,1013 Hidden Hills Dr,10
0.6,151 Littleton Dr,9
0.7,576 Brentwood Dr,9
0.7,576 Brentwood Dr,9
0.7,576 Brentwood Dr,9
0.7,576 Brentwood Dr,9
0.7,576 Brentwood Dr,9
4.3,1013 Hidden Hills Dr,10
3.2,397 Emma Loop,9
9.7,7934 El Dorado Dr,10
4.3,1013 Hidden Hills Dr,10
4.3,1013 Hidden Hills Dr,10
2.0,13316 Evergreen Way,9
10.1,8701 W View Rd,10
6.5,580 Stone View Trl,10
5.8,6 Heritage Oaks Dr,10
0.6,558 Merion Dr,9
0.5,101 Pagosa Ct,9
4.9,12900 Wells Fargo St,10
0.7,576 Brentwood Dr,9
12.1,273 Jacksdaw Ln,10
0.8,241 Rugged Earth Dr,9
10.4,7011 Halesboro,10
1.5,11036 Arroyo Cyn,10
10.4,7020 Halesboro,10
4.1,7100 Smokey Hill Rd,9
10.4,7011 Halesboro,10
10.4,7011 Halesboro,10
10.6,10503 Superview Dr,10
10.4,7011 Halesboro,10
3.9,8309 Roan Ln,9
3.6,7216 S Brook Dr,9
4.0,7706 Fenton Cv,9
14.7,12619 Fitzhugh Rd UNIT C,10
2.4,6906 Covered Bridge Dr,9
3.3,7106 S Brook Dr,9
2.9,7303 Mowinkle Dr,9
3.5,7503 Dawn Hill Cir,9
3.4,7102 Whispering Creek Ct,9
4.1,7102 Seneca Cir,9
2.2,521 Brandon Way,10
2.3,817 Marly Way,10
0.7,903 Crystal Mountain Dr,10
2.6,1301 N Weston Ln,10
2.4,7805 Brightman Ln,10
1.8,200 N Lake Hills Dr APT A,10
0.4,9296 Scenic Bluff Dr,10
2.5,1108 Marly Way,10
2.4,1304 Canyon Edge Dr,10
2.4,10908 River Terrace Cir,10
3.2,(Undisclosed Address),10
3.1,2314 Bahama Rd,10
1.7,100 N Lake Hills Dr,10
3.2,2702 De Soto Dr,10
0.7,702 Crystal Mountain Dr,10
3.2,2604 Del Rio Dr,10
3.2,Edgewater Dr,10
2.7,1810 Miami Dr,10
2.3,901 Marly Way,10
2.2,433 Brandon Way,10
2.8,1814 Ski Slope Dr,10
3.3,2708 San Juan Dr,10
2.0,208 Brandon Way,10
2.5,1115 Marly Way,10
1.8,9703 Westward Dr,10
2.8,Tonto Ln,10
3.2,2601 San Juan Dr,10
2.2,708 Elder Cir,10
2.2,1004 Ogden Dr,10
1.1,Dominion Hl,10
0.8,10091 Circleview Dr,10
2.6,1605 Lipan Trl,10
1.1,1604 Acacia Bud Dr,10
0.8,2727 Creeks Edge Pkwy,10
0.9,10305 Indigo Broom Loop,10
2.0,700 Brandon Way,10
0.7,708 Crystal Mountain Dr,10
0.7,9001 Deer Shadow Pass,10
2.5,9121 Camelback Dr,10
2.0,9904 Lake Ridge Dr,10
0.7,9302 Creeks Edge Cir,10
1.9,402 N Laurelwood Dr # A,10
1.8,6118 Mountain Villa Cv,10
1.9,415 N Tumbleweed Trl,10
0.5,4509 Balcones Dr,10
1.1,6107 Bon Terra Dr,10
1.6,6310 Sprucewood Cv,10
1.3,4513 Colorado Xing,10
0.7,3407 Foothill Ter,10
0.8,6533 E Hill Dr APT 26,10
0.8,2607 Hancock Dr,10
0.7,4501 Placid Pl,10
0.8,2636 W 49th St,10
0.7,3409 Ledgestone Dr,10
0.7,5512 Oakwood Cv APT 192,10
0.5,1820 W 39th St,9
0.6,4600 Crestway Dr,10
0.4,1815 W 39th St,9
0.8,6612 E Hill Dr,10
0.5,5017 W Park Dr,10
0.8,3839 Dry Creek Dr APT 115,10
0.6,4800 Placid Pl,10
2.5,5727 N Scout Island Cir,10
0.6,4102 Idlewild Rd,9
0.1,3840 Far West Blvd APT 101,10
0.3,6501 E Hill Dr APT 125,10
0.9,7604 Long Point Dr,10
0.8,4457 Stony Meadow Ln,10
0.1,3310 Hancock Dr,10
0.6,3501 Balcones Dr,10
0.8,3839 Dry Creek Dr APT 115,10
0.9,2615 W 45th St,9
1.3,5003 Cedro Trl,10
0.6,3602 Laurel Ledge Ln,10
1.5,5205 Tortuga Trl,10
0.9,3408 Mount Bonnell Rd,10
1.4,6306 Gato Path,10
0.5,4201 N Hills Dr,10
1.8,6006 Twin Valley Cv,10
1.8,6006 Twin Valley Cv,10
0.5,7502 Stonecliff Dr,10
0.3,5211 Valley Oak Dr,10
1.4,4118 Edwards Mountain Dr,10
0.3,4619 Madrona Dr,10
2.2,5800 Tom Wooten Cv,10
1.7,5823 Westslope Dr,10
1.5,5821 Mount Bonnell Rd,10
1.7,4807 Fern Holw,10
1.1,6112 Mountainclimb Dr,10
0.9,3905 Balcones Dr,10
0.8,3404 Monte Vista Dr,10
2.3,5805 Harrington Cv,10
0.1,3302 Big Bend Dr,10
1.5,5205 Tortuga Trl,10
0.6,4507 Ridge Oak Dr,10
1.0,6615 Candle Ridge Cv,10
0.4,1821 W 39th St # B,9
0.2,7110 Spurlock Dr,10
1.6,6002 Upvalley Run,10
0.4,1821 W 39th St # A,9
1.0,6004 Marquesa Dr,10
0.5,4205 N Hills Dr,10
0.8,4404 Deepwoods Dr,10
0.1,5002 Balcones Dr,10
1.0,4907 Strass Dr,10
0.6,3710 Hidden Holw,10
1.2,5816 Gentle Breeze Ter,10
0.6,4405 Balcones Dr,10
0.7,3803 Green Trl N,10
1.4,5209 Valburn Cir,10
0.5,4802 W Frances Pl,10
1.5,5600 Lemonwood Dr,10
1.1,4307 Island Ave,10
1.2,4600 Island Cv,10
0.6,7603 Shadyrock Dr,10
2.5,5618 N Scout Island Cir,10
1.4,6802 Ladera Norte,10
0.2,5014 Highland Ct,10
1.7,4805 Palisade Dr,10
0.7,W 44TH St,10
1.2,5610 Bonnell Vista St,10
1.4,5318 Valburn Cir,10
2.4,5505 Courtyard Dr,10
1.2,6000 Mesa Dr,10
0.8,3511 Greystone Dr,10
0.3,3921 Sierra Dr,10
0.1,3203 Highland Ter W # A,10
0.4,6902 Mesa Dr,10
0.8,5921 Overlook Dr,10
0.1,5011 Balcones Dr # 2,10
0.8,3400 Mount Bonnell Rd,10
0.1,4902 Valley Oak Dr,10
1.5,4704 Palisade Dr,10
0.7,4508 Bull Creek Rd,10
0.5,6102 Highland Hills Dr,10
0.6,5720 Highland Hills Dr,10
1.0,3916 Glengarry Dr,10
0.8,3431 N Hills Dr APT 102,10
0.7,3302 Laurel Cir,10
0.8,6533 E Hill Dr APT 26,10
1.0,4910 Strass Dr,10
1.1,4405 Island Cv,10
1.6,5505 Lakemoore Dr,10
0.5,4101 Ridgelea Dr,9
0.4,5011 W Frances Pl,10
1.5,4216 Front Range Ln,10
2.7,12620 Monte Castillo Pkwy,9
2.7,12609 Monte Castillo Pkwy,9
4.2,14012 Skyline Dr,9
0.4,11904 Montclair Bnd,10
0.3,2213 Rio Mesa Dr,10
1.5,11716 Red Oak Valley Ln,10
1.9,11621 Hunters Green Trl,10
0.3,109 Dawn River Cv,10
2.0,12712 Cedar St,10
0.8,12100 Capitol Saddlery Trl,10
1.4,11601 Shadestone Ter,10
0.4,12216 Rayo De Luna Ln,10
0.8,3316 Oxsheer Dr,10
1.2,104 St Lucia,10
1.7,11508 Silver Lake Ct,10
2.0,11409 Woodland Hills Trl,10
1.2,12700 River Bnd,10
3.5,1612 Morning Moon Cir,9
0.4,N/a,10
0.5,600 Santaluz Path,10
0.8,3417 Zebecca Creek Dr,10
1.9,5118 Mansfield View Ct,10
0.6,12305 Fairway Cv,10
1.3,1501 Minnie Dr,10
1.1,1204 S Quinlan Park Rd,10
0.7,12817 Arbor Lake Cv,10
1.0,14308 Flat Top Ranch Rd,10
1.4,14618 Mansfield Dam Ct UNIT 10,9
1.2,12405 River Bnd TRLR 8,10
0.1,12709 Lipizzan Ct,10
1.5,13103 Mansfield Dr Tx,10
0.7,12204 Fairway Cv,10
4.0,13908 Skyline Dr,9
1.2,4121 Canyon Glen Cir,10
0.6,12712 Coralberry Cv,10
0.3,12617 Capella Trl,10
0.5,13301 Bright Sky Overlook,10
1.8,12229 Long Bay Cv,10
0.6,12929 Zen Gardens Way,10
0.4,2604 Rio Mesa Dr,10
0.6,12317 Fairway Cv,10
3.0,13237 Villa Montana Way,9
1.7,Travis View Loop,10
0.4,12829 Lantana Ridge Ct,10
1.0,13601 Montview Dr,10
1.8,14423 Agarita Rd,9
1.4,4748 Eck Ln,9
2.6,5931 Hiline Rd # 1203,9
2.4,532 Ladin Ln,10
1.9,329 Marina Village Cv # 329,10
1.2,104 St Lucia,10
1.2,104 St Lucia,10
0.9,2636 Crazyhorse Pass,9
1.3,14809 Foy Dr,9
1.1,3001 Spotted Wolf Trl,9
3.5,116 Evolutions Path,9
0.5,2600 Ranch Road 620 N,9
1.2,101 St Lucia,10
1.7,116 Royal Oak Ln,10
1.3,1903 Moeta Dr,9
2.8,27 Stone Terrace Dr # 15,9
2.6,5931 Hiline Rd # 1203,9
2.5,Murfin Rd,9
0.9,16010 Fontaine Ave,9
1.2,102 Largo Cv,10
1.0,205 Canyon Turn Trl,10
1.2,804 Rough Hollow Dr,10
1.5,14006 Saskatchewan Dr,9
0.5,16206 Sydney Carol Ln,9
1.1,14503 Running Deer Trl,9
1.0,14403 Cochise Trl,9
2.6,5931 Hiline Rd # 1302,9
1.0,4000 Ranch Road 620 N # 19,9
1.0,513 Flamingo Blvd,10
1.2,104 Largo Cv,10
2.6,5931 Hiline Rd # 1203,9
2.4,1221 Challenger,10
1.1,233 Canyon Turn Trl,10
2.6,105 Oak Glen Cv,10
1.2,416 Marina View Way,10
1.5,5101 Timothy Cir,9
1.2,408 Marina View Way,10
2.0,17176 Rocky Ridge Rd # B,9
0.6,14814 Broken Bow Trl,9
3.0,609 River Rd,9
1.7,221 Stowaway Cv APT A,10
2.5,105 Crescent Blf,10
0.5,16204 Sydney Carol Ln,9
1.4,24 Water Front Ave,10
2.6,5931 Hiline Rd # 1203,9
0.2,611 Rolling Green Dr,10
0.6,101 Rivalto Cir APT 2,10
1.9,15908 Allenwood Dr,9
1.1,427 Seawind,10
2.6,5931 Hiline Rd # 1203,9
1.2,306 Martinique Pass,10
2.6,5931 Hiline Rd # 1201,9
1.2,310 Marina View Ct,10
1.8,915 Electra,10
1.5,710 Sunfish St,10
1.7,5302 Lake Mist,9
1.1,526 Dragon,10
0.2,2918 Ranch Road 620 N APT 290,9
2.2,104 Rupen Dr,10
1.3,3201 Brass Buttons Trl,9
1.1,2000 Red Fox Rd,9
2.0,109 Bellagio Dr,9
2.0,5802 Beacon Dr,9
1.2,103 Barbuda Dr,10
1.9,135 Roberto # 11B,9
1.2,Windy Harbor Dr,9
1.9,15103 Falcon Dr,9
1.2,310 Marina View Ct,10
2.6,5931 Hiline Rd # 1203,9
2.2,103 Golf Crest Cv,10
2.6,5931 Hiline Rd # 1302,9
1.9,108 Squires Dr,10
0.2,2918 Ranch Road 620 N APT 165,9
2.6,5931 Hiline Rd # 1302,9
1.5,710 Bermuda,10
1.7,832 San Remo Blvd,9
3.5,15317 Glen Heather Dr # 904,9
1.8,309 Lombardia Dr,9
1.7,13803 Wild Turkey Pass,9
2.9,1022 Barrie Dr,9
0.2,2918 Ranch Road 620 N APT 103,9
2.6,120 Betula Dr,10
2.2,102 Plum Dr,10
1.2,308 Marina View Ct,10
2.3,325 Hurst Creek Rd,10
1.5,16326 Lake Loop,9
2.4,1232 Challenger,10
0.7,115 Feritti Dr,10
1.3,14503 Blue Jay Pt,9
0.7,16008 Chateau Ave,9
2.5,103 Chestnut Hill Cv,10
1.8,16430 Clara Van St,9
2.6,5931 Hiline Rd # 1203,9
1.8,16901 S Ridge Ln,9
1.1,436 Eagle,10
1.3,16012 Thunder Trl,9
3.0,1302 Hurst Holw,10
0.9,14804 Running Deer Trl,9
1.8,914 Electra,10
1.6,724 Bermuda,10
1.9,210 Bellagio Dr,9
1.9,928 Challenger,10
2.6,304 Clubhouse Dr,10
2.3,101 Firebird Cv,10
2.6,5931 Hiline Rd # 1201,9
1.9,5708 Beacon Dr,9
0.2,2918 Ranch Road 620 N APT 103,9
2.2,412 Hazeltine Dr,10
2.0,114 Clubhouse Dr,10
2.0,16025 Pool Canyon Rd,9
2.3,1202 Challenger,10
1.7,801 San Remo Blvd,9
2.1,308 Hazeltine Dr,10
2.3,16009 Edwards Dr,9
1.2,2903 Buffalo Trl,9
3.4,112 Perpetuation Dr,9
0.7,102 Lido St,10
2.3,505 Hummingbird Ln,9
0.6,131 Crest View Dr,10
1.3,4609 Eck Ln,9
2.4,111 Edgewater Cv,10
1.1,3909 Lago Vista Dr,9
1.1,11 Chandon Ln,10
2.6,5931 Hiline Rd # 1203,9
0.9,16110 Chateau Ave,9
1.1,2401 White Dove Pass,9
0.7,102 Lido,10
2.2,204 Hazeltine Dr,10
2.6,5931 Hiline Rd # 1302,9
3.2,1406 Hurst Creek Rd,10
2.6,501 Brooks Hollow Rd,10
0.2,609 Rolling Green Dr,10
1.2,4605 Eck Ln,9
1.9,104 Rocket St,10
2.3,W Beach Rd,9
2.6,5931 Hiline Rd # 1302,9
1.2,4500 Lago Viento,9
2.0,107 Harbor Hill Dr,9
2.6,5931 Hiline Rd # 1203,9
2.6,5931 Hiline Rd # 1203,9
2.6,5931 Hiline Rd # 1203,9
2.2,103 Paragon Ct,10
1.0,413 Rough Hollow Cv,10
0.7,3904 Hudson Bend Rd APT C,9
1.8,210 Marina Village Cv,10
0.7,2603 Indian Creek Rd,9
1.4,15706 Awalt Dr,9
1.9,312 Marina Village Cv # 312,10
1.7,805 Bermuda,10
1.9,329 Marina Village Cv # 329,10
1.4,4539 Lago Viento,9
1.0,411 Rough Hollow Cv,10
2.1,330 Explorer,10
2.5,142 Acapulco Dr,10
1.3,404 Marina View Way,9
3.5,214 Darwins Way,9
1.2,3207 Brass Buttons Trl,9
1.1,412 Marina View Way,10
3.5,110 Evolutions Path,9
3.5,112 Evolutions Path,9
1.9,425 Marina Village Cv # 425,10
1.4,207 Fairlake Cir,10
3.5,106 Evolutions Path,9
0.8,412 Belforte Ave,10
1.4,420 Lindale Cv,10
1.3,206 Bella Cima Dr,9
1.3,101 Far Vela Ln,10
1.7,5248 Mccormick Mountain Dr,9
1.1,215 Canyon Turn Trl,10
3.5,213 Darwins Way,9
1.2,2711 Geronimo Trl,9
3.5,204 Darwins Way,9
1.1,2305 White Dove Pass,9
3.5,108 Evolutions Path,9
3.5,208 Darwins Way,9
0.7,4000 Javelina Cir,9
1.8,129 Marina Village Cv # 129,10
3.2,15306 Hawk St,9
1.4,206 Gannet Cv,10
3.5,204 Darwins Way,9
2.5,16658 Forest Way,9
1.4,420 Lindale Cv,10
1.4,24 Water Front Ave,10
2.0,Harbor Hill Dr,9
0.7,110 Flying Scot St,10
3.5,206 Darwins Way,9
2.3,1215 Challenger,10
3.5,210 Darwins Way,9
0.5,103 Cold Water Ln,10
2.2,203 Palazza Alto Dr,9
0.7,15909 Chateau Ave,9
2.3,15202 Canary St,9
2.6,15204 Barrie Dr,9
0.9,2673 Crazyhorse Pass,9
2.0,17221 Rocky Ridge Rd,9
2.6,603 Hurst Creek Rd,10
1.3,205 Bella Cima Dr,9
3.5,214 Darwins Way,9
0.9,217 Lido St # O-2,10
3.0,1205 Brooks Hollow Rd,10
3.5,118 Evolutions Path,9
2.6,5931 Hiline Rd # 1201,9
1.5,16207 Spring Branch Trl,9
3.0,1213 Delsie Dr APT B,9
1.0,209 Canyon Turn Trl,10
1.3,14107 Running Deer Trl,9
1.9,Clara Van St,9
1.6,15204 Bowling Ln,9
1.0,221 Bella Riva Dr,9
2.2,508 Copperleaf Rd,10
2.5,302 Lago Verde Rd,9
0.9,18 Stoney Creek Cv,10
0.9,4215 Laguna Grande,9
2.3,6009 Laguna Cliff Ln,9
2.8,73 White Magnolia Cir,9
1.5,5004 Mcintyre Cir,9
2.9,1010 Hurst Creek Rd,10
0.9,1010 S Quinlan Park Rd APT 4,10
1.2,104 Aruba Ct,10
0.7,102 Scamper Cv,10
2.0,210 Montalcino Blvd,9
1.3,13003 River Bnd,10
0.6,224 Emerald Ridge Dr,10
1.0,13406 Montview Dr,10
4.1,Comanche Trl,9
1.7,1613 Lakecliff Hills Ln,10
0.9,1010 S Quinlan Park Rd APT 5,10
0.9,1010 S Quinlan Park Rd APT 5,10
1.8,12220 Long Bay Cv,10
0.6,12309 Fairway Cv,10
3.9,13808 Lake View Dr,9
1.9,11504 Eagles Glen Dr,10
0.4,12316 Montclair Bnd,10
0.5,801 Lakewood Hills Ter,10
0.9,3200 Summer Canyon Dr,10
1.9,2624 University Club Dr,10
0.8,13001 Perryton Dr,10
4.2,14016 Skyline Dr,9
0.4,12821 Capella Trl,10
0.7,12812 Arbor Lake Cv,10
0.3,113 Dawn River Cv,10
0.5,13401 Coleto Creek Trl,10
0.4,2739 Grimes Ranch Rd,10
2.2,12886 Park Dr,10
0.2,424 Dawn River Cv,10
0.6,12317 Fairway Cv,10
0.3,2213 Rio Mesa Dr,10
0.3,12816 Capella Trl,10
1.1,1120 Shore Vista Cv,10
3.8,7101 Mountain Trl,9
3.0,6924 Cielo Azul Pass,9
0.9,1115 Terjo Ln,10
1.1,1302 Summit Edge Dr,10
0.2,300 Dawn River Cv,10
1.9,1905 Holiday Hills Cv,10
0.5,721 Lakewood Hills Ter,10
0.9,1010 S Quinlan Park Rd APT 5,10
4.7,14513 Ridgetop Ter,9
1.4,1412 Hawks Canyon Cir,10
1.7,11804 Eagles Glen Dr,10
0.8,11808 Palisades Pkwy,10
1.5,2112 University Club Dr,10
1.6,2210 University Club Dr UNIT 5B,10
3.9,13901 Panorama Dr,9
2.9,13217 Villa Montana Way,9
0.4,308 Mediterra Pt,10
0.5,13225 Country Trails Ln,10
1.7,13101 Indigo Cv,10
4.0,14008 Panorama Dr # 1,9
1.2,3812 Mira Vista Dr,10
4.2,7104 Comanche Trl,9
0.8,3304 Grimes Ranch Rd,10
0.4,11916 Montclair Bnd,10
0.5,2925 Persimmon Valley Trl,10
1.4,1804 University Club Dr,10
4.1,14007 Lake View Dr,9
1.1,1203 River Ridge Dr,10
1.2,409 Teal,10
1.0,13408 Montview Dr,10
0.1,12924 Appaloosa Chase Dr,10
1.2,104 St Lucia,10
0.6,14808 Flat Top Ranch Rd,10
1.0,4317 Lakeway Blvd,10
0.8,2303 Quanah Parker Trl,9
1.4,14702 Hornsby Hill Rd,9
1.2,104 St Lucia,10
0.7,14710 General Williamson Dr,9
1.9,15004 Nightingale Ln,9
2.0,101 Rocket St,10
1.4,709 Mariner,10
2.4,507 Explorer,10
2.2,120 Firebird St,10
0.5,Pyramid Dr,9
3.5,116 Evolutions Path,9
2.0,210 Meadowlark St S,9
3.5,114 Evolutions Path,9
1.2,104 St Lucia,10
1.2,104 St Lucia,10
3.4,114 Perpetuation Dr,9
0.5,16204 Sydney Carol Ln,9
0.9,3401 Grimes Ranch Rd,10
2.0,111 Bellagio Dr,9
0.3,13013 Bloomfield Hills Ln,10
1.2,104 St Lucia,10
1.3,1321 Hawks Canyon Cir,10
1.2,12016 Portofino Dr,10
0.5,2948 Grimes Ranch Rd,10
1.2,104 St Lucia,10
1.2,404 Seawind,10
1.2,14253 Hunters Pass,9
1.8,100 Meadowlark St,9
1.2,14950 Running Deer Trl,9
1.2,104 St Lucia,10
0.7,1617 Sun Valley Ct,10
2.2,315 Hurst Creek Rd,10
0.5,16204 Sydney Carol Ln,9
1.0,14532 Hunters Pass,9
2.7,703 Hurst Creek Rd,10
1.0,2208 Red Fox Rd,9
2.2,5800 Laguna Cliff Ln,9
0.5,16204 Sydney Carol Ln,9
1.8,15604 Cedar Ledge St,9
2.2,104 Rupen Dr,10
3.0,4460 Stearns Ln,9
1.3,102 Caicos Cv,10
3.4,8212 Barton Club Dr # 12-10,9
3.2,3900 Verano Dr,9
3.1,8801 Golden Rain Cv,9
0.4,510 Rolling Green Dr,10
3.3,9301 Old Bee Caves Rd,9
3.4,8212 Barton Club Dr # 12-10,9
3.4,8212 Barton Club Dr # 1/1,9
3.4,8212 Barton Club Dr # 12-10,9
1.9,8302 Cedar Elm Trl # 27,9
3.4,8212 Barton Club Dr # 12-10,9
3.5,1505 Mesa Ridge Ln,9
3.6,1920 Chalk Rock Cv,9
2.0,5604 Medicine Creek Dr,9
1.1,7619 Evening Sky Cir # G-15,9
4.2,1200 Barton Creek Blvd APT 22,9
3.1,8609 Navidad Dr,9
3.3,2300 Barton Creek Blvd APT 2,9
1.0,5700 Journeyville Ct,9
3.4,9600 Veletta Pl,9
1.6,7800 Southwest Pkwy UNIT 2011,9
3.1,3905 Verano Dr,9
2.1,4703 Mesa Oaks Cir,9
1.9,4609 Peralta Ln,9
1.0,7308 Journeyville Dr,9
1.7,5917 Maurys Trl,9
4.4,8306 Long Canyon Dr,10
1.0,4916 China Garden Dr,9
1.6,4509 Court Of St James,9
3.6,7101 Greenshores Dr,10
4.3,8110 Ranch Road 2222 APT 12,10
1.9,8808 Westminster Glen Ave,9
2.0,4101 Prince Andrew Ln,9
1.7,4102 River Place Blvd,9
1.9,9529 Big View Dr,9
0.9,5208 Anaconda Ln,9
4.7,8507 Cuesta Ct,10
0.3,6214 River Place Blvd,9
0.3,10208 Milky Way Dr,9
4.8,1603 Manana St,10
2.8,6000 Shepherd Mountain Cv APT 917,10
1.7,5700 Standing Rock Dr,9
1.0,10115 Treasure Island Dr,9
0.8,10500 Crow Wing Cv,9
3.9,3712 Pappys Way,10
4.0,3806 Pearce Rd,10
1.6,9208 Westminster Glen Ave,9
4.9,1501 Manana St,10
2.3,3704 Weatherhill Cv,9
3.6,3603 Robbins Rd,10
3.1,7904 Big View Dr,9
4.1,6300 Fern Spring Cv,10
4.3,8110 Ranch Road 2222 APT 44,10
0.3,10208 Milky Way Dr,9
2.8,6000 Shepherd Mountain Cv UNIT 414,10
1.3,9623 Woody Ridge Vw,9
1.6,9312 Prince William,9
0.4,10828 Enclave Vista Cv,9
1.9,9809 Glenlake Dr,9
2.8,6000 Shepherd Mountain Cv,10
3.8,5525 City Park Rd APT 1,10
1.1,9400 Leaning Rock Cir,9
0.7,11203 Ranch Road 2222 APT 1502,9
4.3,8110 Ranch Road 2222 APT 44,10
4.3,8110 Ranch Road 2222 APT 44,10
4.3,8110 Ranch Road 2222 APT 36,10
4.3,8110 Ranch Road 2222 APT 44,10
2.8,6000 Shepherd Mountain Cv APT 1205,10
4.1,3312 Pearce Rd,10
4.3,6734 Cuesta Trl,10
0.7,13001 Hymeadow Dr UNIT 8,7
4.3,(Undisclosed Address),10
4.0,7416 Oak Shores Dr,10
0.7,13001 Hymeadow Dr UNIT 8,7
0.7,13001 Hymeadow Dr UNIT 8,7
0.9,7525 Peabody Dr,9
0.9,13400 Briarwick Dr UNIT 2801,7
1.8,13103 Lubbock Ln,7
0.7,13001 Hymeadow Dr UNIT 8,7
0.4,12401 Los Indios Trl UNIT 1,9
1.4,7016 Buccaneer Trl,7
0.8,8808 White Ibis Dr,7
0.6,8518 Cahill Dr APT 3,7
0.3,12930 Modena Trl,9
0.8,13400 Briarwick Dr UNIT 1103,7
0.2,13420 Lyndhurst St APT 505,7
0.9,13910 Ranch Road 620 N,7
0.9,13910 Ranch Road 620 N,7
0.4,8710 Piney Point Dr # B,7
0.8,13700 Sage Grouse Dr UNIT 201,7
1.1,12507 Shasta Ln,7
0.6,13223 Tamayo Dr,9
0.3,8010 Elkhorn Mountain Trl,9
0.9,17300 Sage Grouse #2201,7
0.6,7412 Napier Trl,9
0.1,12712 Margit Dr,9
0.1,13508 Broadmeade Ave,7
0.8,13700 Sage Grouse Dr UNIT 201,7
1.5,13233 Kerrville Folkway,7
0.3,13700 Grouse Sage Dr # 1802,7
1.8,13105 New Boston Bnd,7
0.9,13447 Athens Trl,9
0.2,12504 Oro Valley Trl,9
0.2,12507 Cortaro Cv,9
0.5,7803 Jenner Cv,9
0.8,13412 Athens Trl,9
0.4,8304 Canola Bnd,7
0.9,13400 Briarwick Dr UNIT 2801,7
1.8,13114 Marble Falls Cv,7
0.7,13001 Hymeadow Dr UNIT 8,7
0.9,13700 Sage Grouse Dr UNIT 3101,7
0.8,13700 Sage Grouse Dr UNIT 201,7
0.8,13700 Sage Grouse Dr UNIT 201,7
0.7,13324 Humphrey Dr,9
0.8,13700 Sage Grouse Dr UNIT 201,7
0.7,13001 Hymeadow Dr UNIT 34,7
0.4,7503 Lobelia Dr,9
1.4,13265 Kerrville Folkway,7
0.8,13700 Sage Grouse Dr UNIT 201,7
0.8,13700 Sage Grouse Dr UNIT 201,7
0.8,13700 Sage Grouse Dr UNIT 201,7
0.3,13700 Sage Grouse Dr # 3002,7
0.4,13405 Briar Hollow Dr,7
1.6,13212 Kerrville Folkway,7
0.6,12300 Abney Dr # 51-B,7
0.7,13306 Black Canyon Dr,9
0.2,12504 Cortaro Cv,9
0.9,13910 Ranch Road 620 N,7
0.5,13016 Hunters Chase Dr,7
0.9,13910 Ranch Road 620 N,7
0.2,8005 Buckshot Trl,9
0.6,13209 Marrero Dr,9
0.6,7708 San Felipe Blvd APT 39,9
0.7,7603 Montaque Dr,9
1.6,13204 Dime Box Trl,7
0.6,7708 San Felipe Blvd APT 43,9
0.9,13910 Ranch Road 620 N,7
0.3,12405 Hunters Chase Dr,9
0.9,13910 Ranch Road 620 N,7
6.1,2206 Emmett Pkwy,7
0.7,14847 Bescott Dr,7
2.4,3618 Kennedy Grace Ln,7
2.4,3618 Kennedy Grace Ln,7
0.8,14921 Purslane Meadow Trl,7
1.4,Patricia St,7
0.6,2107 Taylor Simonetti Ave,7
2.4,3618 Kennedy Grace Ln,7
2.4,3618 Kennedy Grace Ln,7
5.7,2203 Maple Hollow Trl,7
1.2,15309 Brenda St,7
0.3,14308 Terisu Ln,7
2.4,3618 Kennedy Grace Ln,7
0.6,1904 Crystal Shore Dr,7
0.2,14200 Terisu Ln,7
3.5,14608 Noya Dr,7
0.7,2004 Cervin Blvd,7
2.9,15408 Quinley Dr,7
2.9,15308 Ecorio Dr,7
5.9,2203 Waterway Bnd,7
2.4,3618 Kennedy Grace Ln,7
3.6,2806 Single Trace Ct,7
4.4,4517 Felicity Ln,4
2.9,15424 Quinley Dr,7
4.4,4611 Belfield Ln,4
4.4,4611 Belfield Ln,4
4.4,15104 Guffey Dr,4
4.3,4503 Halliday Ave,4
4.2,15201 Lucian St,4
0.7,4604 Sherwyn Dr,3
4.2,15004 Parrish Ln,4
4.4,4611 Belfield Ln,4
4.4,4611 Belfield Ln,4
4.4,15104 Guffey Dr,4
4.4,4611 Belfield Ln,4
4.4,4611 Belfield Ln,4
4.4,4611 Belfield Ln,4
4.4,4611 Belfield Ln,4
4.5,4606 Best Way,4
4.4,15104 Guffey Dr,4
2.7,11917 Aitne Ln,4
3.2,2802 Caleb Dr,4
0.5,10700 Bramblecrest Dr,10
4.5,4715 Castleman Dr,4
0.3,9918 Barbrook Dr,10
1.1,11109 Conchos Trl,10
0.6,10917 Hidden Caves Way # 31,9
1.2,11129 Zimmerman Ln,9
2.5,12505 Alberta Ridge Trl,9
2.3,8119 Tahoe Parke Cir,9
3.5,13513 Bullick Hollow Rd,9
2.6,12517 Verandah Ct,9
0.1,10233 Ember Glen Dr,10
2.6,8412 Denali Pkwy UNIT 1,9
2.2,9009 N Fm 620,9
4.1,4101 Sojourner St,4
1.2,11137 Zimmerman Ln,9
0.4,11012 Montesa Dr,10
2.2,12101 Terraza Cir,9
2.2,Antler Ln,9
0.4,9610 Indigo Brush Dr,10
0.7,11008 Twisted Elm Dr,9
2.3,9105 Villa Norte Dr # VH16,9
2.6,9804 N Ranch Road 620,9
2.2,9550 Savannah Ridge Dr UNIT 19,9
0.7,11102 Twisted Elm Dr,9
0.4,11206 Tanya Trl,10
0.2,11213 Appletree Ln,10
0.4,10517 Canyon Vista Way,10
0.4,5315 Downs Dr # SR,3
0.6,1150 Gunter St,3
0.5,1806 Celeste Cir,3
0.1,5206 Ledesma Rd,8
0.7,1604 Greenwood Ave,3
0.4,5312 Downs,3
0.5,1193 E M Franklin Ave,3
0.3,5109 Lott Ave,3
0.3,1302 Luna St,3
0.5,3601 E 12th St,3
0.6,5114 Heflin Ln,3
0.2,4706 Louis Ave,3
0.2,5607 Samuel Huston Ave,3
0.6,1239 Eleanor St,3
0.2,1154 Nickols Ave,3
0.4,1807 Rhodes Rd,3
0.3,5308 Downs Dr # B,8
0.5,1709 Perez St,3
0.7,1310 Greenwood Ave,3
0.4,1407 Deloney St,3
0.4,1611 Meander Dr,3
0.5,1310 Delano St,3
0.2,4504 Leslie Ave,3
0.2,4700 Leslie Ave,3
0.5,1700 Perez St,3
0.2,5409 Prock Ln,8
0.2,5201 Star Light Ter,8
0.5,1144 Gunter St,3
0.5,1144 Gunter St,3
0.5,1144 Gunter St,3
0.5,1101 Saucedo St,3
0.2,(Undisclosed Address),3
0.1,4605 E 12th St,3
0.2,4411 Leslie Ave,3
0.5,1144 Gunter St,3
0.3,4804 Ledesma Rd For Rent,8
0.7,3401 Pennsylvania Ave,3
0.5,1144 Gunter St # 402,3
0.2,1104 Mason Ave,8
0.5,1812 Adina St,3
0.6,1316 Delano St #1,3
0.5,1705A Perez St,3
0.1,1121 Estes Ave # D,8
0.3,1130 Spur St # D,8
0.5,4305 Scottsdale Rd,3
0.4,5303 Downs Dr,3
0.3,5604 Ledesma Rd,8
0.3,1706 Victoria Dr,3
0.2,1151 Nickols Ave,3
0.4,1806 J J Seabrook Dr,3
0.7,8402 Mayview Dr,4
1.9,5329 Agatha Cir,9
3.0,9417 China Rose Dr,9
1.5,6212 Seville Dr,9
0.6,8207 View Ridge Dr,4
1.2,6903 Aries Ln,9
2.1,7601 Daffan Ln TRLR 8,9
1.6,5909 Alsace Trl,9
0.3,7101 Boyle,3
0.3,7016 Boyle,3
1.1,7502 Lazy Creek Dr,3
1.7,5825 Pinon Vista Dr,9
1.6,6137 Seville Dr,9
0.4,7204 Hillcroft Dr,4
0.5,7323 Muffin Dr,4
4.9,15709 Fm 969,4
0.3,7109 Boyle Dr,3
0.3,7113 Boyle Dr,3
0.3,7117 Boyle,3
1.5,6124 Seville Dr,9
0.3,7121 Boyle Dr,3
3.6,6016 Blue Bluff Rd,9
1.1,7301 Chisos Pass,3
2.9,9405 China Rose Dr,9
2.7,8913 Sun Shower Bnd,9
1.9,7309 Ava Ln,9
1.6,6209 Seville Dr,9
1.7,5909 Florencia Ln,9
1.5,6116 Seville Dr,9
5.1,13116 Breve Cv,4
1.8,6206 Dooley Trl # G-15,9
5.0,5504 Delta Post Dr,4
5.4,6015 Wideleaf Dr,4
1.1,11105 Conchos Trl,10
0.6,1135 Brookswood Ave #C,3
0.7,6804 Millrace Dr,3
2.2,1916 Petrified Forest Dr,6
1.2,3505 Autumn Bay Dr,6
1.3,5100 Suburban Dr,5
0.6,8907 Palace Pkwy,6
1.0,4515 Speedway,9
0.3,6100 Woodhue Dr # 0,5
0.4,2105 Rosewood Ave,10
1.0,2912 E 14th St # B,7
1.0,5006 Pecan Springs Rd # 18,5
0.7,6503 Hickman Ave,5
1.0,5002 Pecan Springs Rd # 5,5
0.7,1405 Corona Dr,5
1.0,5002 Pecan Springs Rd # 5,5
1.0,5006 Pecan Springs Rd # 18,5
1.0,4606 Bundyhill Dr,3
1.8,1912 E M Franklin Ave,7
0.5,5201 Knight Cir,5
0.7,2922 Pecan Springs Rd,5
1.0,5002 Pecan Springs Rd # 5,5
0.4,5416 Coventry Ln,5
1.6,2204 Palo Pinto Dr,7
0.9,4807 Russet Hill Dr,3
0.3,6705 Dubuque Ln,4
0.2,1903 Rogge Ln,5
0.9,6101 Adalee Ave,5
0.9,6115 Manor Rd # A,5
1.8,1909 E M Franklin Ave,7
0.9,3108 E 51st St # 1001,5
1.8,1919 E M Franklin Ave,7
0.7,1512 Glencrest Dr,5
1.8,1913 E M Franklin Ave,7
0.9,3108 E 51st St # 702,5
0.9,3108 E 51st St # 1001,5
0.9,3108 E 51st St # 1001,5
0.9,6301 Cameron Rd # A,5
0.2,6709 Tulane Dr,4
0.4,7210 Fred Morse Dr,4
1.8,1917 E M Franklin Ave,7
0.8,6300 Brookside Dr,5
0.1,1912 Running Brook Dr,5
0.8,6408 Auburn Dr,5
0.2,1905 Turtle Springs Ct,5
0.2,1905 Turtle Springs Ct,5
1.8,2102 E M Franklin Ave,7
1.8,2004 E M Franklin Ave,7
0.3,6808 Syracuse Cv Rent To Own,5
0.6,5603 Overbrook Dr,5
0.2,1905 Turtle Springs Ct,5
0.2,1909 Turtle Springs Ct,5
0.4,2203 E 51st St,5
1.2,4804 Springdale Rd,5
0.2,5361 Westminster Dr,5
0.7,5700 Gloucester Ln,5
0.8,6504 Bradley Dr,5
0.9,3108 E 51st St # 703,5
0.9,3108 E 51st St # 703,5
0.9,3108 E 51st St # 1001,5
0.3,6812 De Paul Cv,4
0.4,5807 Coventry Ln,5
1.2,4802 Springdale Rd,5
0.3,2700 Loyola Ln,4
0.9,6115 Manor Rd # A,5
1.0,6211 Manor Rd APT 116,5
0.9,3108 E 51st St # 1001,5
0.4,(Undisclosed Address),4
0.9,3039 Pecan Springs Rd,5
0.3,6804 La Salle Dr,4
0.3,5811 Wellington Dr,5
0.4,2203 E 51st St # B,5
1.0,6211 Manor Rd APT 116,5
0.9,3108 E 51st St # 1001,5
0.2,1905 Turtle Springs Ct,5
0.2,2607 Loyola Ln,4
0.7,6112 Hylawn Dr,4
0.6,5709 Sandhurst Cir,5
0.5,7203 Bucknell Dr,4
0.9,6709 Duquesne Dr,5
0.9,3108 E 51st St # 703,5
0.8,4703 Ruiz St,5
0.9,3108 E 51st St # 402,5
0.9,3108 E 51st St # 703,5
0.6,2512 Wheless Ln,5
1.2,4804 Springdale Rd,5
0.9,3108 E 51st St # 703,5
0.1,6802 Citadel Cv,4
0.6,1417 Ridgehaven Dr,5
0.9,6901 Mira Loma Ln,5
0.6,6300 Arnold Dr,4
0.7,6503 Hickman Ave,5
1.1,3202 Pecan Springs Rd # A,5
0.3,6904 Drexel Dr,4
0.3,6905 Creighton Ln,4
0.6,2512 Wheless Ln,5
0.9,6514 Bradley Dr,5
0.2,3403 Lynridge Dr,4
0.2,5402 Waterbrook Dr,5
1.8,2004 Em Franklin Ave,7
0.4,2203 E 51st St,5
0.9,6505 Willamette Dr,5
0.5,6708 Tulsa Cv,4
0.4,6709 Tulsa Cv,4
0.5,2121 Wheless Ln,5
1.0,5206 Medford Dr,5
0.5,7306 Meadowood Dr,4
0.8,4716 Berkman Dr,5
0.4,6002 Thames Dr,5
0.4,5311 Wellington Dr,5
0.9,1308 E 52nd St # B,5
0.6,6317 Kenilworth Dr,5
0.4,5301 Gladstone Dr,3
0.5,6900 Geneva Dr,4
1.0,6211 Manor Rd APT 116,5
1.0,5002 Pecan Springs Rd # 5,5
1.0,5002 Pecan Springs Rd # 5,5
1.0,5002 Pecan Springs Rd # 5,5
1.0,5006 Pecan Springs Rd # 18,5
1.0,5002 Pecan Springs Rd # 2,5
0.6,3004 Northeast Dr,4
1.5,3801 Tower View Ct,7
0.9,1309 E 52nd St,5
0.9,1307 E 52nd St # 3,5
1.0,6211 Manor Rd APT 116,5
0.9,3108 E 51st St # 1001,5
0.7,2400 Sorin St,5
1.5,1931 E 38 1 2 St # 8-1,7
1.8,3900 Threadgill St UNIT 28,7
0.2,1711 Todd Ln,9
0.4,6819 Willamette Dr,4
1.4,1801 Creek Ridge Blvd,7
0.8,7416 Fireoak Dr,10
1.4,1621 Willow Vis,7
1.8,11416 Running Brush Ln,9
1.1,2404 Tivoli Dr,9
1.9,4333 Airport Blvd,7
1.5,10500 Avery Club Dr UNIT 4,9
1.6,4020 Airport Blvd # 1,7
0.9,1307 E 28th St,7
1.6,4020 Airport Blvd # 1,7
0.8,2101 Maple Ave,7
0.8,2101 Maple Ave,7
2.2,1202 Norwood Rd,7
1.8,4212 Wilshire Pkwy,7
1.4,3707 Grayson Ln,7
1.3,3404 Robinson Ave,7
0.8,2505 Givens Ave # B,7
1.0,2805 E 22nd St # B,7
1.0,2807 E 22nd St # B,7
1.6,4020 Airport Blvd # 5,7
0.8,2004 E 22nd St,7
1.9,4309 Airport Blvd,7
1.2,2110 Rountree Dr,7
1.8,Maxwell Ln,6
1.0,1813 Woodland Ave # A,5
1.8,6900 Cardinal Bloom Loop,4
0.2,2624 Witsome Loop # 53C,3
1.4,5213 Ingersoll Ln,4
0.9,11216 S Bay Ln,10
1.8,6900 Cardinal Bloom Loop,4
4.7,4603 Charles Ave,10
0.5,8705 Alum Rock Dr,6
2.2,2310 Hermia St,4
2.0,10815 Bradshaw Rd,6
2.3,905 E 56th St,7
2.0,4807 Avenue H,7
3.6,7805 Paces Mill Ln,5
4.6,5904 Red Bud Ridge Ln,5
0.7,1914 Holly Hill Dr,10
0.4,315 Bridgeford Dr,4
2.1,2308 National Park Blvd,6
2.5,4617 Pinehurst Dr S APT B,6
1.8,1703 Wild Basin Ldg # 1,10
1.6,1929 Cypress Pt W,10
2.1,4703 Evans Ave,7
1.1,1803 Briar Hill Dr,5
0.8,3903 Avenue B,9
1.0,4607 Mellow Hollow Dr,6
1.0,923 Bodark Ln,5
1.9,9202 Brents Elm Dr,6
2.7,2100 Hazeltine Ln,6
1.1,305 Rowland Dr,5
1.9,1814 Logans Hollow Dr,10
2.1,401 Lake Cliff Trl,10
1.0,850 Forest View Dr # B,10
2.2,910 Barton Creek Blvd,10
0.2,1816 Carlson Dr # 42C,3
1.3,1517 Wild Cat Holw,10
2.2,5106 Caswell Ave,7
0.7,303 Blue Ridge Trl,10
2.2,5110 Caswell Ave # A,7
0.9,202 E 45th St APT 101,9
2.4,933 E 56th St,7
0.5,502 W 55th St,8
1.8,5002 Rowena Ave,7
0.3,7805 Cooper Ln # 103,5
1.0,5405 Fairmont Cir,5
4.2,6704 Troll Hvn,10
1.4,6503 Augusta National Dr,10
3.7,5313 Cuesta Verde,10
3.4,16 Cicero Ln,10
2.1,2601 Stratford Dr,10
1.6,Grove Ct,10
2.7,4002 Prentice Ln,10
4.1,6010 Long Champ Ct APT 101,10
0.4,3600 Silver Hill Cir # 1,10
0.7,607 Laurel Valley Rd,10
0.6,4502 Richmond Ave,8
2.6,4445 River Garden Trl # A,10
0.5,(Undisclosed Address),10
3.2,2525 Waymaker Way,10
1.1,6208 Indian Canyon Dr,10
3.3,6805 Saint Stephens Cv,10
3.8,3817 Westlake Dr,10
1.6,6410 Five Acre Wood St,10
0.9,800 Ledgeway St,10
0.1,3314 Rosefinch Trl,10
0.5,502 Spiller Ln,10
2.7,4320 River Garden Trl,10
0.5,655 Cortona Dr,10
4.2,4105 Belmont Park Dr,10
0.6,4409 Gillis St # A,8
0.2,2132 Independence Dr,4
1.2,7905 Lowdes Dr,4
0.3,7410 Buchholz St,5
1.1,7709 Manchaca Rd UNIT 35,4
0.6,S Congress Ave,5
0.6,7305 Barnsdale Way,5
2.3,2210 Westlake Dr,10
1.5,1618 Westlake Dr,10
2.3,2210 Westlake Dr,10
3.2,4805 Bull Mountain Cv,10
2.4,2329 Westlake Dr APT 2,10
2.6,3905 Bennedict Ln,10
0.8,700 Grey Fox Trl,10
2.2,4714 David Thomas Rd,10
2.1,1880 Westlake Dr,10
4.3,5400 Maryanna Dr,10
4.5,4110 Bunny Run APT 4,10
3.2,2413 Far Gallant Dr,10
1.0,103 Redbud Trl,10
4.0,3701 Long Champ Dr,10
1.2,1905 Big Canyon Dr,10
0.9,1036 Liberty Park Dr APT 1,10
1.9,3007 Stratford Dr,10
3.0,4017 Trailview Mesa Dr,10
3.6,16 Chapin Ln,10
2.8,2601 Berenson Ln,10
0.8,3627 Stoneridge Rd APT 2,10
1.1,6302 Indian Canyon Dr,10
3.1,3 Muir Ln,10
1.4,2007 Yaupon Valley Rd,10
2.4,2329 Westlake Dr APT 2,10
0.6,3609 Peregrine Falcon Dr,10
3.9,3820 Toro Canyon Rd,10
3.3,2812 Waterbank Cv,10
2.0,1883 Westlake Dr,10
3.6,3309 Riva Ridge Rd,10
0.4,399 Cortona Dr.,10
0.7,1305 Arronimink Cir,10
2.1,728 Barton Creek Blvd,10
0.7,3611 Stoneridge Rd,10
3.6,3104 Riva Ridge Rd,10
3.5,4406 Michaels Cv,10
3.5,76 Saint Stephens School Rd,10
3.3,2501 Canonero Dr,10
4.2,4207 Long Champ Dr,10
3.0,2201 Far Gallant Dr,10
2.5,600 Beardsley Ln,10
2.0,2109 Trail Of The Madrones,10
2.5,2008 Rue De St Tropez,10
2.3,1606 Mount Larson Rd,10
1.5,400 Lake Cliff Trl,10
1.3,913 Terrace Mountain Dr,10
3.0,3000 Teak Hawk Cv,10
0.8,12 Sundown Pkwy,10
3.4,2909 Waterbank Cv,10
2.9,2904 Sparkling Brook Ln,10
3.2,5930 Bold Ruler Way,10
2.6,6405 Canon Wren Dr,10
2.9,5 Cousteau Ln,10
2.7,409 Beardsley Ln,10
1.8,546 Canyon Rim Dr,10
1.2,1205 Kennan Rd,10
1.1,103 Woodview Ct,10
0.4,399 Cortona Dr,10
2.5,4127 River Garden Trl,10
4.5,4408 Long Champ Dr APT 34,10
0.3,109 Westlake Dr,10
3.1,2915 Toro Canyon Rd,10
1.0,401 Skyline Dr,10
1.4,1807 Congressional Cir,10
0.5,4814 Bee Caves Rd,10
1.7,310 Ridgewood Rd,10
1.2,2703 Bartons Bluff Ln,10
1.2,2101 Key West Cv,10
0.3,4615 S 1st St,8
1.2,701 Marc Taylor Dr,6
2.0,3120 Above Stratford Pl,10
1.2,7405 Buchholz St,5
0.8,503 Ramble Ln,5
0.4,1810 Berkeley Ave,4
1.2,7405 Buchholz St,5
1.7,2715 Charlesworth Dr,5
2.1,2705 Goldbridge Dr,5
0.2,604 N Bluff Dr UNIT 211,7
0.8,5201 Buffalo Pass,5
1.2,7401 Buchholz St,5
0.5,5807 Blythewood Dr,5
0.3,7805 Cooper Ln # 205,5
0.7,7233 Aldea Dr # B,4
0.2,604 N Bluff Dr UNIT 211,7
0.6,213 Bridgeford Dr,5
1.3,7404 Albert Rd,6
0.8,7233 Manchaca Rd UNIT 27,4
3.6,24 Cicero Ln,10
1.7,4816 Timberline Dr,10
2.0,1895 Westlake Dr # 3,10
3.7,3809 Westlake Dr,10
3.7,104 Pascal Ln,10
3.3,2816 Waterbank Cv,10
0.3,3416 Pinnacle Rd,10
2.2,303 Vale St,10
2.8,4209 Dunning Ln,10
3.3,19 Hedge Ln,10
0.3,3414 Dalton St,9
0.6,7405 Cooper Ln,5
1.7,8209 Nicola Trl,4
0.4,6116 Whipple Way # B139,4
0.2,4511 S 2nd St,8
0.2,604 N Bluff Dr UNIT 211,7
0.6,7405 Cooper Ln,5
0.2,4511 4513 S 2nd St,8
0.3,6000 S Congress Ave APT 134,7
1.2,7405 Buchholz St,5
0.2,6016 Wilcott Ct,4
1.3,5210 Saint Georges Grn,5
0.6,213 Bridgeford Dr,5
0.8,7322 Gaines Mill Ln,4
1.1,208 Rowland Dr,5
0.5,3303 China Grv,9
0.5,5005 Gladeview Dr,8
0.6,6500 Clubway Ln,5
0.1,6230 Hillston Dr,4
0.5,6712 Blarwood Dr,4
0.6,42 Lovegrass Ln,5
0.5,5002 Creekline Dr,8
0.3,8602 Dandelion Trl,9
0.3,2433 Independence Dr,4
0.3,6000 S Congress Ave APT 127,7
3.8,4501 Westlake Dr APT 10,10
1.6,1 Grove Ct,10
1.0,6661 Whitemarsh Valley Walk,10
1.1,5105 Rollingwood Dr,10
1.9,2005 Trail Of The Madrones,10
3.4,2800 Waymaker Way UNIT 25,10
0.7,6 Rocky River Cv,10
0.8,603 Half Moon Cv,10
0.9,301 Cedar Oak Dr,10
1.0,1007 Hillside Oaks Dr,5
1.2,1804A Jentsch Ct # A,5
0.5,1142 Lost Creek Blvd APT 1,10
0.4,801 King Edward Pl,5
0.3,5616 Emerald Forest Dr APT 122,5
0.3,5001 Sunset Trl # A,5
0.2,604 N Bluff Dr UNIT 211,7
0.5,3313 Harpers Ferry Ln,9
0.6,6909 Cherry Meadow Dr,4
0.5,3235 Oak Aly,9
0.3,8614 Piney Creek Bnd,9
1.0,2607 Burly Oak Dr,4
0.2,604 N Bluff Dr UNIT 211,7
0.7,3115 Plantation Rd,9
0.6,4801 S Congress Ave APT B1,8
0.3,6000 S Congress Ave APT 127,7
0.3,311 Craigmont Dr,7
0.5,2602 Broken Oak Dr For Rent,4
0.2,1112 Dunstan Dr,5
0.3,6213 Woodhue Dr,5
0.5,5407 Hunters Gln,5
1.1,209 Rowland Dr,5
1.9,2603 Harleyhill Dr,5
1.1,303 Rowland Dr,5
2.1,703 E 50th St # B,7
2.3,4817 Caswell Ave # B,7
2.0,4912 Duval St,7
1.9,5200 Ave H,7
2.1,703 E 50th St # B,7
1.9,5112 Duval St,7
0.9,4107 Avenue B,9
0.4,3816 Duval St # B,9
0.6,205 E 40th St,9
1.0,4509 Avenue F,9
0.9,4506 Caswell Ave # A,9
1.3,(Undisclosed Address),6
1.1,5505 Viewpoint Dr,6
1.4,5213 Ingersoll Ln,4
1.5,8105 Annalise Dr,4
1.4,5404 Bonneville Bnd,4
1.8,7108 Cherry Beam Path,4
0.7,6924 Crestone Rd,6
1.8,7213 Sienna Rouge Path,4
1.5,1840 Burton Dr APT 213,5
3.6,8016 Annalise Dr,5
0.5,6813 Suena Dr,3
1.4,5213 Ingersoll Ln,4
1.7,Maxwell Ln,6
1.7,Maxwell Ln,6
0.3,2505 Parker Ln # B,3
0.7,1702 Windoak Dr,5
1.7,Maxwell Ln,6
1.9,7002 E Riverside Dr,6
3.1,1416 Waterloo Shore Ln # 16,4
1.8,Maxwell Ln,6
1.8,Maxwell Ln,6
1.9,7002 E Riverside Dr,6
1.7,Maxwell Ln,6
0.2,1904 Cleese Dr,3
0.3,6312 Felix Ave,3
1.8,Maxwell Ln,6
0.7,1938 Holly Hill Dr APT 3,10
0.6,2009 Headwater Ln,10
0.4,206 Reveille Rd,10
4.0,6104 Nashua Ct,10
0.3,1603 Barn Swallow Dr,10
1.3,1407 Wild Cat Holw,10
2.3,2403 Deer Pass,10
3.2,6208 Northern Dancer Dr,10
2.5,2435 Westlake Dr,10
0.8,2009 Mistywood Dr For Rent,10
3.3,2809 Waterbank Cv,10
2.4,2004 Rue De St Tropez,10
3.2,5919 Bold Ruler Way,10
2.4,2002 Rue De St Tropez,10
0.4,1204 Grosvener Ct,10
0.3,6216 Bumpstead Dr,6
5.3,9838 Us Highway 183 S,4
0.5,9121 Ipswich Bay Dr,6
2.8,6804 Canon Wren Dr,10
2.1,10329 Channel Island Dr,6
2.0,10523 River Plantation Dr,6
2.5,County Down Dr,6
3.0,2203 Onion Creek Pkwy UNIT 28,6
2.5,11232 Pinehurst Dr,6
2.8,11127 Pinehurst Dr APT B,6
2.1,10813 Olympia Fields Loop,6
0.5,5400 Jeffburn Cv,5
2.3,11016 River Plantation Dr,6
1.1,210 Rowland Dr,5
0.8,5130 Meadow Creek Dr,8
0.2,5800 Nancy Dr,5
0.7,1300 W Dittmar Rd,6
0.2,4518 S 1st St,8
0.5,7401 Lunar Dr,5
1.1,7900 Persimmon Trl,6
0.7,3103 Jeanne Marie Ct,9
1.7,5065 Fort Clark Dr,5
0.3,6507 Cooper Ln # B,5
0.5,3234 Oak Aly,9
0.6,7405 Cooper Ln,5
0.4,325 Bridgeford Dr,4
0.4,325 Bridgeford Dr,4
0.4,325 Bridgeford Dr,4
0.6,213 Bridgeford Dr,5
1.5,5516 Gooding Dr,4
0.6,213 Bridgeford Dr,5
1.6,7117 Ondantra Bnd,4
3.6,8008 Annalise Dr,5
1.8,6900 Cardinal Bloom Loop,4
1.7,516 E Slaughter Ln APT 401,6
3.6,5405 Bonneville Bnd,5
1.5,5304 Ingersoll Ln,4
1.8,7108 Cherry Beam Path,4
1.6,5320 Kara Dr,4
1.4,5213 Ingersoll Ln,4
1.4,5213 Ingersoll Ln,4
1.5,5516 Gooding Dr,4
1.7,516 E Slaughter Ln APT 401,6
1.7,516 E Slaughter Ln,6
1.4,7909 Whistling Arrow Ln,4
1.8,6900 Cardinal Bloom Loop,4
1.4,5404 Bonneville Bnd,4
3.6,8004 Izetta Ln,5
1.1,5612 Fence Row,6
1.4,5213 Ingersoll Ln,4
1.7,5321 Gooding Dr,4
0.4,404 W 55th St,8
3.4,4721 Misty Slope Ln,5
0.7,4710 Nuckols Crossing Rd,3
4.5,5805 Magnolia Mist Ln,5
0.7,4211 Caswell Ave APT A,9
1.9,5004 Avenue H,7
2.3,909 Reinli St APT 223,7
2.4,929 E 51st St,7
1.0,4519 Avenue F # A,9
0.4,919 E 39th St,9
0.4,402 W 55th St,8
0.4,912A E 39th St,9
2.0,5206 Evans Ave,7
2.4,937 E 55th St,7
1.9,5103 Avenue H,7
2.3,909 Reinli St APT 230,7
0.8,4404 Duval St,9
1.0,4601 Depew Ave # B,9
0.9,202 E 45th St APT 101,9
2.1,605 E 49th St,7
0.8,4403 Duval St,9
0.7,511 E 43rd St,9
1.9,5210 Duval St # A,7
1.9,5009 Avenue G,7
2.6,4707 Harmon Ave,7
0.4,2505 Candlewood Ct,3
0.3,1704 Timber Ridge Dr,3
0.9,4502 Depew Ave,9
1.2,4610 Avenue C,9
1.9,7002 E Riverside Dr,6
2.2,2308 Hermia St,4
0.4,1005 Valdez St,3
0.3,2500 Burleson Rd APT 110,3
1.4,5405 Alexis Cv,3
2.2,2308 Hermia St,4
1.8,Maxwell Ln,6
3.2,1411 Town Creek Rd # 11,7
1.9,7002 E Riverside Dr,6
2.2,2310 Hermia St,4
2.2,2308 Hermia St,4
3.0,4401 Festival Path,4
3.0,4409 Festival Path,4
0.8,1495 Inglewood St,5
1.7,Maxwell Ln,6
2.2,2308 Hermia St,4
0.8,1604 Elmhurst Dr,5
2.2,2310 Hermia St,4
3.1,1410 Waterloo Shore Ln # 10,4
0.3,2500 Burleson Rd APT 110,3
0.9,1806 Woodland Ave,5
2.3,11113 County Down Dr,6
1.8,10105 Pinehurst Dr,6
2.3,10246 Pinehurst Dr,6
2.0,10210 Pinehurst Dr,6
2.4,4607 Pinehurst Dr S,6
1.3,10117 Deer Chase Trl,6
2.2,10924 River Plantation Dr,6
0.5,8413 Panadero Dr,6
2.4,10407 Pinehurst Dr,6
2.2,11013 River Plantation Dr,6
6.5,6614 Evelyn Rd,4
2.1,2120 Petrified Forest Dr,6
1.2,10217 Crescendo Ln,6
0.8,6817 Sunderland Trl,6
1.7,10103 Wild Dunes Dr,6
1.3,5612 Little Theater Bnd,6
0.6,9005 Bird Brook Ln,6
2.5,10616 Legends Ln,6
2.8,11129 Pinehurst Dr APT C,6
0.6,6604 Doyal Dr,6
0.4,8617 Panadero Dr,6
0.8,6904 Derby Downs Dr,6
0.9,7004 Derby Downs Dr,6
3.1,8829 Stambourne St,4
0.6,213 Bridgeford Dr,5
1.4,4921 Old Castle Rd,5
0.1,4526 Merle Dr,8
0.6,213 Bridgeford Dr,5
0.6,213 Bridgeford Dr,5
0.3,5001 Sunset Trl,5
0.6,7405 Cooper Ln,5
0.3,4917 Sunset Trl,5
0.4,2604 Aldford Dr,4
0.3,4917 Sunset Trl # B,5
0.3,2605 Lightfoot Trl,4
0.6,S Congress Ave,5
0.4,8646 Piney Creek Bnd,9
0.7,3212 Harpers Ferry Ln,9
0.5,6406 Woodhue Dr,5
0.9,2202 Trede Dr,4
0.4,7403 Wallach St,5
1.9,2712 Inridge Dr,5
2.5,3106 Siskin Dr,5
0.5,1406 Green Forest Dr,8
0.3,5608 Cougar Dr APT 101,5
0.6,6702 Capriola Dr,5
0.8,4361 S Congress Ave # 526,5
0.8,1705 Matthews Ln # B,4
0.3,6000 S Congress Ave APT 127,7
4.0,4136 Westlake Dr,10
0.5,1301 Puddleby Cv,10
4.8,4509 Aqua Verde Dr,10
0.6,4816 Bee Caves Rd,10
3.9,3900 Toro Canyon Rd,10
3.8,3900 Corum Cv,10
1.6,400 Canyon Rim Dr,10
1.6,4824 Rollingwood Dr,10
2.3,2226 Westlake Dr UNIT 2,10
0.8,2516 Watkins Way,10
1.6,812 Stonewall Ridge Ln,10
0.6,5607 Scenic View Dr,10
3.8,3813 Westlake Dr # A,10
2.3,2226 Westlake Dr UNIT 2,10
1.6,1717 Ben Crenshaw Way,10
1.5,1314 Falcon Ledge Dr APT 111,10
0.3,2405 Kumquat Ct,4
1.8,9407 Brandts Wood St,6
1.9,306 Inwood Rd,10
1.2,4802 Spring Meadow Cv,6
5.0,5715 Teri Rd,5
2.1,8705 Meridian Oak Ln,6
3.2,31 Pascal Ln,10
2.8,7601 Barkdale Ct,5
2.7,2236 Sunny Hills Dr # 4,5
2.8,4527 Edge Creek Dr # 301,5
1.8,6900 Cardinal Bloom Loop,4
1.5,8105 Annalise Dr,4
0.8,711 E 45th St,9
0.5,501 W 55th St # 001,8
4.8,5417 Blackjack Cv,5
2.6,4715 Harmon Ave APT 212,7
0.9,4501 Red River St,9
0.9,3815 Guadalupe St APT 303,9
0.5,210 Nelray Blvd,8
2.3,806 E 47th St,7
2.1,612614616 W N Loop Blvd,7
1.4,607 Zennia St,7
2.3,915 E 51st St,7
2.3,909 E 56th St,7
0.5,5502 Avenue F,8
1.0,4530 Duval St,9
1.0,4306 Avenue A APT 118,9
1.0,4528 Duval St,9
0.4,305 W 55th 1/2 St,8
0.9,1001 E 45th St,9
2.2,909 Reinli St APT 229,7
0.4,1009 E 38th 1/2 St,9
0.6,5403 Avenue F,8
2.2,909 Reinli St APT 229,7
3.4,8112 Vailview Cv,10
2.2,909 Reinli St APT 229,7
1.3,9204 Brigadoon Cv,10
2.6,7326 Cave Holw,10
0.5,11702 Crosstimber Dr,8
2.5,5315 Harmon Ave,7
0.9,10502 Plumewood Dr,10
0.8,9905 Marseilles Dr,10
0.5,10602 Mourning Dove Dr,8
0.5,11305 Timbrook Trl,8
0.9,11619 Birchbark Trl,8
0.4,11202 Iron Oak Trl,8
0.7,8600 Fathom Cir APT 1101,10
0.6,10520 Glass Mountain Trl,10
3.1,6907 Winterberry Dr,10
1.1,7309 Colina Vista Loop # A,9
2.5,6315 Big Cat Cv,10
0.8,11100 Wintergreen Hl,10
0.4,12408 Burlywood Trl,8
0.7,9103 Cedar Crest Dr,10
0.7,10621 Glass Mountain Trl,10
0.7,9707 Anderson Mill Rd APT 14,10
1.5,11512 Cherry Hearst Ct,10
3.1,7208 Holly Fern Cv,10
1.1,11005 Callanish Park Dr,10
1.1,10204 Echoridge Dr,10
0.5,12219 Wallingstone Ln,8
0.7,11801 Nene Dr,8
0.9,9404 Ashton Rdg,10
1.2,11111 Callanish Park Dr,10
0.6,9811 Brandywine Cir,10
3.3,7806 Image Cv,10
0.8,10802 Chateau Hl,10
0.6,9200 Cedar Crest Dr,10
1.2,10508 Tweedsmuir Dr,10
0.2,11608 Spicewood Pkwy UNIT 9,10
3.5,8110 Crabtree Cv,10
0.9,9122 Balcones Club Dr UNIT 7,10
0.2,11608 Spicewood Pkwy UNIT 10,10
1.1,10110 Glencarrie Ln,10
0.9,10810 Keystone Bnd,10
0.6,10802 Spicewood Club Dr,10
0.8,11611 Quarter Horse Trl,8
0.4,10519 Timbercrest Ln,8
1.3,9106 Skye Cv,10
2.7,6709 Beauford Dr,10
0.3,9913 Anderson Mill Rd,10
0.8,11505 Brandon Parke Trl,8
1.0,10401 Lockerbie Dr,10
0.4,Balcones Way,10
0.6,10809 Plumewood Dr,10
0.5,12126 Old Stage Trl,8
0.4,9406 Clearock Dr,10
0.6,9822 Brandywine Cir,10
2.4,7417 Waldon Dr,10
1.2,9412 Solana Vista Loop # A,9
0.7,11000 Anderson Mill Rd UNIT 84,8
0.9,10501 Ronwood Dr,10
1.0,11604 Birchbark Trl,8
1.1,10401 Talleyran Dr,10
0.5,10209 Missel Thrush Dr,8
0.7,11902 Swan Dr,8
0.9,11003 Wintergreen Hl,10
0.3,10518 School House Ln,8
0.4,12808 Papa Leo Ct,8
0.2,11310 Spicewood Club Dr # H,10
2.4,6304 Maury Holw,10
1.0,11614 Birchbark Trl,8
1.1,10605 Leafwood Ln,10
0.4,12313 Bainbridge Ln,8
0.2,12119 Grey Fawn Path,8
6.7,1201 Grove Blvd APT 2304,4
0.8,9444 Spring Hollow Dr,10
0.4,6626 Isabelle Dr,8
1.8,Maxwell Ln,6
1.5,305 E Croslin St,4
3.2,1330 Shore District Dr APT 2507,7
3.3,1201 Tinnin Ford Rd APT 1,7
2.0,4503 Elana Ct,6
0.3,310 Montopolis Dr,3
0.3,3401 Catalina Dr,3
1.0,1905B Woodland Ave,5
1.5,1840 Burton Dr APT 213,5
3.3,1308 Tinnin Ford Rd # 2,7
1.8,2212 Montague St,6
0.6,6503 Porter St,3
1.5,1840 Burton Dr APT 213,5
1.7,3011 Sunridge Dr,6
1.5,1840 Burton Dr APT 213,5
1.1,2015 Thrasher Ln,3
0.7,2001 Parker Ln APT 101,3
0.3,808 Montopolis Dr,3
2.0,2450 Wickersham Ln APT 1002,6
1.2,6801 E Ben White Blvd # 1,6
1.2,7609 Northcrest Blvd,4
0.1,7510 Providence Ave,4
0.3,7204 Blessing Ave,4
1.3,7513 Meadowview Ln,4
1.4,7501 Eastcrest Dr,4
0.1,602 Hammack Dr,8
1.3,7613 Eastcrest Dr,4
0.3,604 Brentwood St,8
0.1,208 Denson Dr,8
1.0,935 La Posada Dr # 212,8
1.0,935 La Posada Dr. #111,8
1.5,511 Blackson Ave,4
0.3,1208 E Saint Johns Ave,4
0.4,7004 Mitra Dr,4
0.7,7303 Sevilla Dr,4
1.5,504 Blackson Ave,4
1.3,619 W Crestland Dr,4
1.4,604 W Odell St,4
1.0,935 La Posada Dr. #111,8
1.0,935 La Posada Dr. #211,8
0.6,6911 Priscilla Dr,8
0.6,8603 Ganttcrest Dr,10
1.0,7806 Nairn Dr,9
1.3,6711 E Ben White Blvd,6
1.4,513 W Croslin St,4
1.3,6129 Jumano Ln,8
0.7,4403 Kalama Dr,9
0.3,7607 Melville Cv,9
1.6,6200 John Chisum Ln,8
0.5,4620 W William Cannon Dr APT 35,8
1.3,7615 Hawkeye Dr,8
0.7,5515 Davis Ln # 4,10
0.5,5624 Taylorcrest Dr,10
0.3,5808 Taylorcrest Dr,10
0.6,5901 Brown Rock Trl,10
0.9,7603 Galliano Cir,9
1.6,7200 Bending Oak Rd,8
0.4,6301 Salcon Cliff Dr,10
0.5,4526 Langtry Ln,8
1.7,6411 Ira Ingram Dr,8
0.7,8101 Tiffany Dr,9
0.8,9604 Prescott Dr,10
0.8,8305 Ganttcrest Dr,10
1.7,8805 Whiteworth Loop,9
1.1,8300 Nairn Dr,9
0.5,4620 W William Cannon Dr APT 35,8
1.6,Escarpment Blvd,8
0.7,8413 Tyhurst Dr,10
1.7,3800 Idalia Dr,10
1.5,4416 Corran Ferry Loop,9
0.6,6317 York Bridge Cir,10
1.3,4203 Iriona Bnd,9
0.7,5515 Davis Ln UNIT 23,10
1.6,4428 Bremner Dr,9
0.8,5207 Wheeler Branch Cir,8
1.1,8700 Coastal Dr,9
0.4,7504 Bender Dr,9
0.2,6405 Abilene Trl,10
0.3,8500 Abilene Cv,10
1.9,7501 Shadowridge Run UNIT 124,8
0.4,5401 Wolf Run,8
1.4,7610 Hawkeye Dr,8
0.7,8509 Ganttcrest Dr,10
1.9,7501 Shadowridge Run UNIT 124,8
1.3,5910 Charles Schreiner Trl,8
3.7,6509 Marble Creek Loop,5
2.7,2402 Apple Valley Cir,6
0.6,6700 Derby Downs Dr,6
0.6,Derby Downs Dr,6
2.4,10410 Pinehurst Dr,6
1.2,Slaughter Ln,6
1.5,5608 Silver Screen Dr,6
1.2,Slaughter Ln,6
2.4,11252 Pinehurst Dr,6
0.3,8709 Ipswich Bay Dr,6
2.4,11240 Pinehurst Dr,6
4.0,6912 Broad Brook Dr,5
0.2,8024 Tee Dr,6
2.5,11228 Pinehurst Dr,6
0.2,8405 Twiggy Ln,6
1.9,10109 Shinnecock Hills Dr,6
3.0,2210 Onion Creek Pkwy UNIT 904,6
1.2,10000 Old Lockhart Rd,6
0.7,5420 Batak Ln,10
3.8,8011 Rosenberry Dr,5
3.8,7609 Marble Crest Dr,5
2.8,10819 Crown Colony Dr APT 1,6
0.2,7816 Tee Dr,6
1.3,10505 Antelope Run,10
2.4,11250 Pinehurst Dr,6
0.6,10004 Wading Pool Path,6
2.3,2024 Coats Cir,8
1.2,750 Patchway Ln,6
0.3,424 Celery Loop,5
2.9,10216 Laredo Dr,8
1.0,9417 Sawyer Fay Ln,5
0.4,9402 Privet Dr,6
0.6,914 Kavanagh Dr,6
0.5,11701 Manchaca Rd,7
0.8,2121 Ocallahan Dr,7
1.6,11004 Mint Julep Dr,7
0.5,11701 Manchaca Rd,7
0.5,11701 Manchaca Rd,7
0.5,11701 Manchaca Rd,7
0.1,2720 Arroyo Blanco Cv,10
0.2,9008 Jesse James Dr,6
0.5,8519 Davis Oaks Trl,6
2.0,11401 Blairview Ln,8
3.0,10513 Garbacz Dr,8
0.3,11919 Manchaca Rd TRLR 2,7
0.4,9402 Privet Dr,6
0.6,9106 Palace Pkwy,6
0.6,9106 Palace Pkwy,6
0.6,9106 Palace Pkwy,6
2.9,11601 Koolie Ln,8
0.4,9402 Privet Dr,6
0.4,9402 Privet Dr,6
0.5,2606 Georgia Coleman Bnd,10
0.5,11701 Manchaca Rd,7
2.9,11607 Koolie Ln,8
1.0,9405 Sawyer Fay Ln,5
0.8,2204 Christoff Loop,7
0.6,1149 Tetbury Ln,6
0.9,11137 Lost Maples Trl,7
0.3,921 Cottage Bank Trl # 35,9
0.3,3101 Davis Ln APT 5903,9
2.4,10705 Dinah Dr,8
0.2,9001 Bill Hickcock Pass,6
0.2,2600 Birchleaf Trl,10
0.7,2204 Turtle Mountain Bnd,10
0.2,2939 Cohoba Dr,9
0.7,2300 Williston Loop,10
1.1,13216 Alans Way,7
1.1,8012 Huddleston Ln,6
1.5,11004 Sea Hero Ln,7
0.9,2109 Monarch Dr,9
2.7,10317 Old Manchaca Rd,8
0.8,800 Totis Rd,5
0.7,9201 Brodie Ln UNIT 2602,9
0.7,9201 Brodie Ln UNIT 1202,9
1.5,516 Paul Jones Pass,7
0.5,10033 Aly May Dr,6
1.8,3408 Graybuck Rd,10
1.1,9617 Sawyer Fay Ln,5
0.5,1704 Strobel Ln,7
0.7,2305 Williston Loop,10
0.9,909 Sweetwater River Dr,6
1.1,9521 Hunter Ln,5
0.7,2302 Lancaster Dr,9
1.2,9704 Alex Ln,5
2.3,10309 Beard Ave,8
2.4,2024 Boyds Way,8
0.6,9106 Palace Pkwy,6
2.9,11607 Koolie Ln,8
1.7,313 Anacua Loop,7
0.6,9106 Palace Pkwy,6
1.3,10609 Camillia Blossom Ln,10
0.4,9328 Alex Ln,7
0.2,8941 Parker Ranch Cir # B,9
1.8,108 Rose Mallow Way,7
0.4,9402 Privet Dr,6
2.3,10609 Portico Ln,8
0.4,2400 Vintage Stave Rd,10
2.3,10609 Portico Ln,8
0.7,2420 Turtle Mountain Bnd,10
0.5,9502 Tanager Way,6
0.6,9106 Palace Pkwy,6
0.6,9706 Tall Tree Ln,6
0.2,8941 Parker Ranch Cir # B,9
2.9,8940 Parker Ranch Cir # A,8
0.5,8610 Cullen Ln,5
0.5,10100 Aly May Dr,6
0.7,1908 Ralph Cox Rd,7
2.9,8937 Parker Ranch Cir # A,8
0.6,9106 Palace Pkwy,6
0.6,9106 Palace Pkwy,6
0.8,9500 Hunter Ln,7
2.3,10609 Portico Ln,8
0.4,9402 Privet Dr,6
0.4,12300 Canera Ct # 78,10
1.1,9521 Hunter Ln,5
0.8,9500 Hunter Ln,7
0.4,9402 Privet Dr,6
0.4,9341 Alex Ln,7
2.2,3011 W Slaughter Ln,8
0.4,2509 Bear Springs Trl,10
2.3,2304 Cappra Ter,8
0.2,8941 Parker Ranch Cir # B,9
0.3,3003 Sunland Dr,10
0.1,9517 Alex Ln,7
0.6,1717 Suter St,7
0.6,9706 Tall Tree Ln,6
0.7,2200 Williston Loop,10
2.9,11607 Koolie Ln,8
0.7,2200 Williston Loop,10
0.7,2212 Williston Loop,10
0.7,2309 Williston Loop,10
1.7,10305 English Oak Dr,5
3.0,1508 Rockland Dr # 244,8
1.7,10904 Desert Willow Loop,7
1.0,848 Latteridge Dr,6
1.1,9521 Hunter Ln,5
2.0,2548 Lavendale Ct,8
1.1,13205 Alans Way,7
0.6,9708 Tall Tree Ln,6
0.4,9402 Privet Dr,6
1.0,9417 Sawyer Fay Ln,5
0.6,11602 Mary Hargrove Ln,7
1.1,9912 Milla Cir # 31,5
1.0,11123 Canterbury Tales Ln,7
0.3,Strickland Dr,6
0.3,3101 Davis Ln APT 5903,9
0.1,601 Mairo St,5
0.5,11721 Alexs Ln,7
0.6,12200 Eruzione Dr,7
0.9,11208 Lost Maples Trl,7
0.1,1609 Bluewood Ln,6
2.9,11601 Koolie Ln,8
0.6,1817 Ocallahan Dr,7
2.1,2221 Desco Dr,8
1.1,13216 Alans Way,7
2.9,10218 Laredo Dr # 100,8
1.6,620 Kingfisher Creek Dr,6
0.5,9502 Tanager Way,6
0.7,10136 Wading Pool Path,6
0.5,9506 Tanager Way,6
0.7,9301 Tanager Way,9
0.4,1406 Spring Garden Rd,10
0.5,1320 Tillerfield,6
0.8,1102 Sprague Ln,10
1.8,5 Inwood Cv,10
2.5,520 Beardsley Ln,10
1.4,6206 Olympic Overlook,10
4.4,1804 Rockcliff Rd,10
1.2,1707 Spyglass Dr APT 39,10
1.3,2201 Cypress Pt E,10
3.8,3807 Toro Canyon Rd UNIT 1,10
3.2,5930 Bold Ruler Way,10
0.5,3 Laurel Valley Cv,10
2.2,1420 Mount Larson Rd,10
1.6,6413 Five Acre Wood St,10
2.4,2728 Trail Of Madrones,10
0.4,1609 Sylvan Glade,8
2.4,1937 Rue De St Tropez APT 16,10
0.7,7207 Barnsdale Way,5
0.4,3315 Blumie St,9
1.4,6810 Deatonhill Dr APT 101,5
0.6,7405 Cooper Ln,5
1.9,2701 Inridge Dr,5
0.6,213 Bridgeford Dr,5
0.6,213 Bridgeford Dr,5
0.6,213 Bridgeford Dr,5
0.6,213 Bridgeford Dr,5
0.4,1105 Spearson Ln,5
0.7,404 Gate Tree Ln,5
0.5,4707 Clawson Rd,8
1.1,2004 Brookhill Dr,5
0.1,2309 Berkeley Ave,4
0.6,3205 Darnell Dr,9
0.5,6911 Whispering Oaks Dr,4
0.6,213 Bridgeford Dr,5
0.1,4503 S 2nd St,8
0.3,109 Starbright Dr,7
0.2,2236 Independence Dr,4
0.3,7403 Wallach St,5
0.4,6401 Woodhue Dr,5
4.0,4800 Flicker Cv,5
1.5,8105 Annalise Dr,4
3.6,5004 Lambs Ln,5
2.6,7807 Ardmore Cir # 182,5
2.9,4641 Edge Creek Dr # 317,5
2.7,2236 Sunny Hills Dr # 4,5
2.7,2236 Sunny Hills Dr # 4,5
4.3,4509 W Village Ct,5
3.4,4902 Barkbridge Trl,5
1.5,5516 Gooding Dr,4
1.7,516 E Slaughter Ln,6
1.1,7212 Altidore Dr,6
2.0,9204 Grant Forest Dr,6
1.1,7000 Ondantra Bnd,6
1.9,2009 Melissa Oaks Ln,6
0.9,8129 Ladera Verde Dr,10
0.5,6218 Tasajillo Trl,10
11.8,7300 Purnima Cv,10
3.0,7105 Leppke Cv,5
0.6,11000 Tornasol Ln,10
11.7,7704 Mitra Dr,10
0.6,11312 Hollister Dr,10
0.6,10400 Hansa Dr,10
0.2,5708 Trelawney Ln,10
0.5,11404 Bastian Cv,10
0.6,12109 Cascade Caverns Trl,10
11.8,8536 Alophia Dr,10
0.4,12308 Emerald,10
0.8,11621 Via Grande Dr,10
0.2,11104 Christensen Cv,10
0.7,11133 Savin Hill Ln,10
0.6,11613 Hollister Dr,10
0.9,11128 Marden Ln,10
0.4,10901 Canfield Dr,10
1.0,11219 Tracton Ln,10
3.3,4411 Bucks Run,5
0.5,6915 Magenta Ln,10
3.3,4409 Bucks Run,5
1.1,3804 Carbondale Ave,6
1.4,12304 Red Mesa Holw,10
1.8,6900 Cardinal Bloom Loop,4
1.4,5229 Bonneville Bnd,4
11.5,7325 Jaborandi Dr,10
4.2,5505 Arbor Ash Ct,5
1.3,3504 Indian Point Dr,10
0.3,12409 Emerald Oaks Dr,10
0.7,6505 Goodall Ct,10
0.8,11124 Readvill Ln,10
0.6,6113 Rickerhill Ln,10
0.5,5917 Rickerhill Ln,10
0.7,6404 Tasajillo Trl,10
0.5,6717 Blissfield Dr,10
0.9,6115 Pebble Garden Ct,10
0.5,10832 Redmond Rd,10
1.3,12305 Red Mesa Holw,10
0.6,10609 Tollesboro Cv,10
11.6,7408 Mitra Dr,10
0.2,7340 Brecourt Manor Way,10
0.4,7516 Harlow Dr,10
0.6,10304 Dalea Vista Ct,10
0.7,S State Hwy # 45,10
1.0,6125 Mordred Ln,10
0.2,5800 Van Winkle Ln,10
0.2,11101 Christensen Cv,10
1.6,2001 Kenneth Ave,3
0.5,1008 Linden St,3
0.7,6424 Tasajillo Trl,10
3.3,1308 Tinnin Ford Rd # 12,7
0.4,2503 Candlewood Ct,3
0.2,1913 Carlson Dr,3
0.1,2001 Faro Dr APT 31,2
2.4,4500 E Oltorf St # A-101,4
0.9,1101 Upland Dr,5
0.8,1710 Woodland Ave,5
1.1,6511 E Ben White Blvd # RM1466A,6
1.1,6511 E Ben White Blvd # RM2856A,6
1.9,7002 E Riverside Dr,6
0.6,1209 Vargas Rd,3
2.5,1719 Whitney Way,4
1.1,2101 Montopolis Dr # 10,3
2.0,2450 Wickersham Ln APT 1002,6
0.2,2001 Carlson Dr # 75C,3
1.9,6809 E Riverside Dr,6
3.3,1308 Tinnin Ford Rd # 12,7
1.0,6209 Caddie St,3
1.0,5309 Jeff Davis Ave APT 2,7
1.0,2601 Great Oaks Pkwy,10
0.9,5404 Shoal Creek Blvd,10
0.5,6907 Shoal Creek Blvd,10
0.6,1214 Madison Ave,7
0.9,7814 Mullen Dr,7
0.6,1807 Morrow St,7
1.1,7101 Shumard Cir,10
0.2,1413 Kamar Dr,5
1.9,5673 Rain Creek Pkwy,10
1.1,10644 Floral Park Dr,8
0.7,4303 Shoal Creek Blvd,9
0.8,4209 Marathon Blvd APT 101,9
0.3,2107 Brandywine Ln,8
0.5,834 N Meadows Dr,6
0.5,838 N Meadows Dr # A,6
5.5,11028 Cairnhill Ct,7
2.5,10912 Bruneau Trl,8
1.5,8609 Stillwood Ln,8
0.9,11512 Antigua Dr,10
1.1,3905 Balcones Woods Dr,8
0.3,12324 Havelock Dr,8
2.0,6204 Yaupon Dr,10
0.4,12003 Trianon Ln,8
0.7,10003 Spicewood Mesa,10
0.5,12624 Pony Ln,8
1.3,3813 Mcneil Dr,8
1.3,13108 Wingate Way,8
3.0,12507 W Cow Path,10
1.5,13100 Armaga Springs Rd,8
1.3,Arborside Dr,10
2.8,7508 Kinross Trl,9
2.8,7508 Kinross Trl,9
0.7,11212 Barrington Way,10
2.1,5810 Secrest Dr,10
0.3,7231 Villa Maria Ln,10
0.8,11416 Charred Oak Dr,10
2.1,5837 Secrest Dr,10
0.8,8804 North Path,10
1.5,13004 Armaga Springs Rd,8
1.4,13116 Wingate Way,8
1.4,13002 Armaga Springs Rd,8
0.9,12709 Rhea Ct,8
1.2,8505 Honeysuckle Trl,8
1.3,13112 Wingate Way,8
1.5,13002 Armaga Springs Rd,8
1.4,10403 Charette Cv,10
0.8,11500 Charred Oak Dr,10
2.0,6323 Yaupon Dr,10
1.4,13118 Wingate Way,8
0.3,8102 East Ct,10
1.4,2500 N Shields Dr,8
1.2,8505 Honeysuckle Trl,8
0.3,7221 Ellaview Ln,10
1.2,6301 Colina Ln,8
0.2,3504 Ambleside Dr,8
0.4,10722 Cassia Dr,10
1.3,6802 Rain Creek Pkwy,10
0.2,7500 Blue Beach Cv,10
1.1,7003 Danwood Dr,10
1.8,9013 Spicebrush Dr,10
0.1,4009 Greenhill Pl,10
0.2,8709 Tallwood Dr,10
1.1,7303 Bering Cv,10
1.3,Bluegrass Dr,8
0.3,3708 Cima Serena Dr,10
0.2,8017 Muley Dr,10
0.5,4201 Greenridge Pl,10
1.2,10645 Floral Park Dr,8
1.3,6009 Tributary Ridge Dr,8
0.6,4159 Steck Ave APT 196,10
0.6,8110 Ceberry Dr,10
1.4,6300 Sierra Tahoe,8
0.6,8904 Wildridge Dr,10
0.3,8104 West Ct,10
0.3,8201 Summerwood Dr,10
1.2,6815 Bayridge Ter,10
0.6,8006 Hillrise Dr,10
1.0,6406 Copperlily Cv,10
1.8,Rain Creek Pkwy,10
0.3,8613 Willowick Dr,10
1.2,10708 Bayridge Cv,10
0.7,11603 Ladera Vista Dr APT 4,8
1.1,7104 Rain Creek Pkwy,10
0.4,8704 Azalea Trl,10
0.9,8521 Adirondack Trl,10
1.6,10300 Morado Cv APT 102,10
0.8,1903 Hearthstone Dr,5
0.6,1706 Aggie Ln,7
0.6,2103 Richcreek Rd,7
0.5,2002 Pompton Dr,5
0.6,5906 Shoalwood Ave,10
0.6,1900 Richcreek Rd,7
0.6,6802 Daugherty St,10
0.6,6706 Wild St # B,7
0.5,1915 Wooten Dr,5
0.5,1104 Payne Ave,7
0.5,1004 Payne Ave,7
0.8,7506 Pantherpaw St,7
0.6,2009 Wooten Dr,5
1.4,8213 Briarwood Ln,8
0.4,6507 Nasco Dr,10
1.1,907 Stobaugh St,7
0.3,1316 Arcadia Ave,7
0.6,1309 Aggie Ln,7
0.2,1508 Justin Ln,7
0.5,1804 Richcreek Rd,7
0.4,1506 Piedmont Ave,7
0.6,2203 Pasadena Dr,7
0.5,1804 Richcreek Rd,7
0.4,1908 Alegria Rd,7
1.0,7706 Shoal Creek Blvd,10
0.7,1516 Morrow St,7
0.9,8410 Bowling Green Dr,5
0.2,1901 Santa Clara St,7
0.8,1905 Hearthstone Dr,5
0.8,1913 Hearthside Dr,5
0.6,2807 Greenlawn Pkwy,10
0.2,6118 Janey Dr,10
0.5,1919 Madison Ave,7
0.6,2110 Wooten Dr,5
1.6,8203 Parkdale Cv,8
0.1,7501 Yaupon Dr,10
0.7,1906 Morrow St,7
0.5,2104 Cullen Ave # 4-121,7
2.8,7508 Kinross Trl,9
0.1,1412 Wooten Dr,5
1.9,8603 Sansom Rd,3
2.9,11728 Gaelic Dr,8
2.9,7513 Antrim Trl,8
2.8,7508 Kinross Trl,9
1.4,9500 Brown Ln,10
3.1,11201 Liberty Farms Dr,9
2.8,7508 Kinross Trl,9
2.4,11705 Dunblane Way,8
2.8,11901 Gaelic Dr,8
2.4,13717 Bauhaus Bnd,4
3.4,11540 Church Canyon Dr,9
2.8,12121 Clackmannan Dr,9
2.4,7020 Thistle Hill Way,8
0.9,11301 Long Winter Dr,4
0.4,1705 Hackney Cv,8
0.6,12705 Silver Creek Dr,8
1.6,2203 Broughton Ct,8
1.1,1909 Maize Bend Dr,8
0.7,1609 Tamar Ln,8
1.3,13007 Wingate Way,8
0.4,4306 Adelphi Ln,8
0.7,13612 Campesina Dr,7
0.9,13517 Will Rogers Ln,8
1.5,13100 Armaga Springs Rd,8
0.6,12307 W Cow Path,8
1.2,12502 Tomanet Trl,8
0.1,5109 Duval Rd,8
1.5,13100 Armaga Springs Rd,8
0.2,3906 Cologne Ln,8
0.8,4002 Tamarack Trl,8
0.9,11408 Maidenstone Dr,10
0.3,2007 Abbey Cir,8
0.5,1708 Hackney Cv,8
0.8,11305 Blackmoor Dr,10
0.8,9100 Mountain Ridge Dr APT 102,10
0.9,11503 Antigua Dr,10
0.3,8203 Summerwood Dr,10
0.6,4159 Steck Ave APT 196,10
0.5,8019 Cardin Dr,10
0.4,12304 Scribe Dr,8
0.5,8859 Tallwood Dr,10
0.5,3702 Terrina St # C-3,10
1.1,11107 Sierra Nevada,8
0.5,10803 Yucca Dr # B,10
0.7,9100 Mountain Ridge Dr APT 5D,10
1.6,9508 Golden Hills Cir,10
0.7,4509 Smooth Oak Dr # A,10
0.3,8122 Greenslope Dr,10
0.7,8405 Andrews Ln,10
2.2,10304 Sausalito Dr,10
1.4,10925 Sierra Oaks,8
0.5,1213 Romeria Dr,7
0.4,1908 Alguno Rd,7
0.7,Morrow St,7
0.5,2017 Hardy Cir,7
0.6,1822 Ohlen Rd,5
1.7,7715 Northcross Dr #428,8
0.7,Daugherty St,10
0.1,8015 Tisdale Dr,5
0.7,8513 Woodstone Dr,5
0.7,908 Romeria Dr,7
1.0,7716 Shoal Creek Blvd,10
0.6,1002 Karen Ave,7
1.3,8205 Sandalwood Cv,8
0.6,2109 Richcreek Rd,7
1.4,2805 Ashdale Dr,8
0.9,2807 Silverway Dr,10
0.5,2607 Pegram Ave,10
0.4,1203 Dwyce Dr,7
0.4,1213 Payne Ave,7
0.3,2014 Brentwood St,7
1.3,8307 Franwood Ln,8
1.6,3306 Ferguson Ln,9
1.7,2500 Steck Ave APT 34,8
0.4,1809 Wooten Dr,5
3.0,5700 Malcom Trl,8
3.1,3300 Harvest Time Cv,9
2.5,10910 Bruneau Trl,8
2.7,12108 Arran St,8
2.7,10802 Owyhee Vw,9
2.7,11828 Arran St,8
3.0,12317 Drummond Dr,8
1.0,2004 Nestlewood Dr,10
2.7,11825 Arran St,8
2.7,12116 Arran St,8
2.4,13717 Bauhaus Bnd,4
0.3,11001 Liberty Farms Dr,4
1.3,Arborside Dr,10
2.4,7105 Mumruffin Ln,8
2.7,10805 Owyhee Vw,9
5.5,12609 Dessau Rd LOT 399,7
3.1,11233 Kildoon Dr,9
1.7,8908 Magna Carta Loop,9
2.7,11108 Roderick Lawson Ln,8
2.8,11901 Gaelic Dr,8
2.0,5007 Edenbourgh Ln,3
3.1,5605 Liberton Ln,8
0.7,9208 Partridge Cir,5
0.3,10304 Leaning Willow Dr,5
0.9,12301 Blue Water Dr,6
0.5,832 N Meadows Dr,6
0.3,9015 Laurel Grove Dr,4
0.7,10503 Parkfield Dr,6
1.0,12301 Indian Mound Dr,6
3.3,2320 Gracy Farms Ln APT 134,8
4.0,12166 Metric Blvd APT 233,8
4.1,2309 Galway St,8
3.2,11511 Metric Blvd,8
0.3,10313 E Rutland Vlg,5
1.2,11925 Meadowfire Dr,6
1.0,13501 Metric Blvd # 43,8
0.9,2018 W Rundberg Ln APT 14B,5
0.4,8509 Brookfield Dr,4
1.0,13501 Metric Blvd # 43,8
1.0,13501 Metric Blvd # 43,8
1.0,13501 Metric Blvd # 43,8
1.0,13501 Metric Blvd # 39,8
0.9,1900 Montana Sky Dr,8
1.5,13100 Armaga Springs Rd,8
0.1,3904 Tattershall Ln,8
1.0,13501 Metric Blvd # 43,8
0.1,3813 Cologne Ln,8
0.7,12120 Black Angus Dr,8
0.5,4302 Ganymede Dr,8
1.0,12802 Ganymede Ct,8
0.4,12912 Meehan Dr,8
0.6,1900 Scofield Ridge Pkwy APT 4301,7
4.3,13937 Ashton Woods Cir # 72,7
2.3,6105 Avery Island Ave,10
4.3,4217 Wild Iris Ln,7
1.5,13100 Armaga Springs Rd,8
0.8,1829 Chasewood Dr,8
0.7,5803 Shoalwood Ave,10
0.6,1900 Scofield Ridge Pkwy APT 3003,7
0.8,9100 Mountain Ridge Dr APT 105,10
0.8,9100 Mountain Ridge Dr APT 105,10
0.7,9525 N Capital Of Texas Hwy UNIT 621,10
0.9,11513 Antigua Dr,10
0.9,11810 Buckingham Rd,10
1.9,9203 Spicebrush Dr,10
1.5,6303 Amberly Pl,8
0.4,8709 Azalea Trl,10
0.4,3403 Amalfi Cv,8
0.3,8600 Mesa Dr # B,10
0.5,8604 Green Vly,10
1.6,6501 Columbia Oaks Ct APT 2,10
0.6,9913 Spicewood Mesa,10
0.4,11512 Fast Horse Dr,8
0.7,11718 Spotted Horse Dr,8
0.4,3307 Spaniel Dr,8
1.5,5602 Spurflower Dr,10
0.6,4159 Steck Ave APT 196,10
1.1,4711 Spicewood Springs Rd # 1-201,10
0.8,1904 Hearthstone Dr,5
2.2,6507 Spicewood Springs Rd,10
0.5,8908 Currywood Dr,10
0.8,7520 Pantherpaw St,7
0.4,8104 Greenslope Dr,10
0.7,8302 Weyburn Dr,5
0.6,900 Karen Ave,7
0.8,7508 Shoal Creek Blvd,10
0.7,7317 Wolverine St,7
0.8,3108 Silverleaf Dr,10
1.1,7685 Northcross Dr UNIT 505,10
0.4,1516 Weyford Dr,5
0.5,2011 Hardy Cir,7
0.2,1502 Payne Ave,7
0.7,7502 Saint Louis St,7
0.9,8500 Bowling Green Dr # B,5
1.6,2603 Steck Ave,8
0.3,1517 Piedmont Ave,7
0.3,1911 Payne Ave,7
1.0,1100 Taulbee Ln,7
0.7,7413 Grover Ave # A,7
0.4,1013 Quail Park Dr,4
4.2,2307 Galway St,8
1.7,11720 Drayton Dr,6
0.3,905 Fairfield Dr,4
0.5,1509A Rutland Dr,5
2.1,11003 Applewood Dr,6
0.6,1213 S Meadows Dr,6
0.5,1618 Rutland Dr,5
1.6,1720 Morning Quail Dr,6
0.3,10205 W Rutland Vlg,5
0.7,9213 Singing Quail Dr,5
4.0,12166 Metric Blvd APT 266,8
0.7,1208 Neans Dr,6
3.6,11910 Rosethorn Dr,8
1.7,1104 Rebecca Dr,6
0.4,1607 Springer Ln,5
0.4,9520 Quail Ct,5
4.0,12166 Metric Blvd APT 233,8
0.6,9009 W Pointer Ln,4
4.0,12166 Metric Blvd APT 233,8
0.5,10611 Parkfield Dr,6
5.5,13021 Dessau Rd # 562,7
1.7,902 Silbury Dr,6
5.5,13021 Dessau Rd # 562,7
5.5,13021 Dessau Rd # 562,7
5.5,13021 Dessau Rd # 733,7
5.5,12609 Dessau Rd LOT 399,7
2.8,11901 Gaelic Dr,8
2.8,11901 Gaelic Dr,8
0.9,2000 Wayward Sun Dr,10
2.8,11901 Gaelic Dr,8
2.8,11901 Gaelic Dr,8
2.6,11609 Winterborne Ct,8
0.6,1615 Brushy View Cv,10
5.5,11017 Kirkoswald Rd,7
3.6,2125 Tin Can Dr,9
2.6,12123 Kilmartin Ln,8
0.8,1603 Pleasant Cv,8
2.8,11901 Gaelic Dr,8
2.6,11915 Cavan Ct,9
1.6,(Undisclosed Address),9
3.1,5528 Liberton Ln,8
3.5,2308 Nestlewood Dr,9
2.9,5717 Malcom Trl,8
2.8,10905 Kirkland Hill Path,8
2.8,11300 Barns Trl,8
0.3,3007 White Rock Dr,10
1.3,7920 Rockwood Ln APT 101,8
0.3,6308 Cary Dr,10
0.9,4405 Marathon Blvd,9
0.5,Shoal Creek Blvd,9
0.7,5605 Jim Hogg Ave # 1/2,7
0.7,5707 Jeff Davis Ave # A,7
0.7,5603 Jeff Davis Ave # B,7
0.9,5501 Shoal Creek Blvd,10
0.7,5503 Clay Ave # A,7
1.5,1208 North St,9
1.2,1213 W 49th St,9
1.3,1414 W 51st St,9
1.0,5309 Jeff Davis Ave APT 7,7
0.8,5514 Roosevelt Ave APT H,7
0.6,5704 Joe Sayers Ave,7
0.6,5705 Jim Hogg Ave,7
0.8,4415 Shoalwood Ave,9
0.7,5600 Jim Hogg Ave APT A,7
0.7,5611 Clay Ave UNIT B,7
1.4,1208 Georgian St,9
0.6,1902 Ullrich Ave,7
0.8,2505 W 45th St,9
0.8,4409 Rosedale Ave,9
0.8,2507 W 45th St,9
1.1,9611 Marlborough Dr,10
0.5,13600 Bauhaus,5
2.2,11401 Oakwood Dr,4
0.7,11707 River Oaks Trl,10
0.6,12404 Comic Dr,5
0.5,13600 Bauhaus,5
0.5,13600 Bauhaus,5
0.3,11404 Walnut Ridge Dr # 101,10
2.5,12109 Lavinia Ln,6
2.3,12306 Furrow Cv APT A,6
2.6,1101 Byers Ln,6
0.7,907 Rocky Spring Rd,10
0.5,13600 Bauhaus,5
0.6,12404 Comic Dr,5
0.6,1209 E Applegate Dr,10
0.3,8912 Slayton Dr,4
2.5,11704 Pollyanna Ave,4
0.5,12808 Dionysus Dr,5
0.3,1221 Briargate Dr,5
0.6,12404 Comic Dr,5
0.6,12404 Comic Dr,5
0.6,12404 Comic Dr,5
0.6,12404 Comic Dr,5
0.6,12404 Comic Dr,5
0.5,13600 Bauhaus,5
0.5,13600 Bauhaus,5
0.6,12404 Comic Dr,5
0.5,13600 Bauhaus,5
2.3,12340 Copperfield Dr,6
0.9,902B Glazier Cir,10
0.8,11706 N Oaks Dr,10
0.4,12209 Cottage Promenade Ct,5
0.9,803 Monterrey Pl,10
0.6,12404 Comic Dr,5
0.5,1216 Bradbury Ln,5
0.6,12404 Comic Dr,5
2.1,509 Bowery Trl,6
0.6,12404 Comic Dr,5
0.6,12404 Comic Dr,5
2.7,1101 E Parmer Ln APT 201,6
0.3,8304 Shenandoah Dr,8
0.6,12404 Comic Dr,5
0.5,13600 Bauhaus,5
2.4,13717 Bauhaus Bnd,4
2.4,704 Little Oak Dr,4
2.4,13717 Bauhaus Bnd,4
2.4,12400 Captain Hopkins Cv,6
0.3,12116 Cottage Promenade Ct,5
0.3,12116 Cottage Promenade Ct,5
0.3,12116 Cottage Promenade Ct,5
0.6,12404 Comic Dr,5
0.3,12729 Serafy Ct,5
2.6,12246 Abbey Glen Ln,6
2.2,833 Waterfall Way,6
2.6,12238 Abbey Glen Ln,6
2.2,11404 Indianhead Dr,4
0.5,11508 Trinity Hill Dr,10
2.1,11306 Hilltop St,4
2.3,1505 Constanta Dr,6
0.5,11633 River Oaks Trl,10
0.4,11513 Trinity Hill Dr,10
0.1,8208 Furness Cv,8
0.6,1001 Briargate Dr,5
2.1,11503 Tedford St,4
0.5,13600 Bauhaus,5
0.4,12713 Descartes Cv,5
0.5,13600 Bauhaus,5
0.5,13600 Bauhaus,5
0.6,12404 Comic Dr,5
0.5,13600 Bauhaus,5
0.5,13600 Bauhaus,5
0.6,12404 Comic Dr,5
0.6,12404 Comic Dr,5
1.1,9611 Aberdeen Way,10
0.2,304 E Fawnridge Dr,4
0.8,1100 Prairie Ridge Trl,6
0.5,1012 E 15th St,7
1.2,1122 Colorado St APT 1001,9
0.5,1012 E 15th St,7
2.2,1205 E 9th St,9
1.6,555 E 5th St APT 2706,9
1.6,555 E 5th St APT 827,9
0.3,1313 1/2 Comal St,7
0.5,1206 E 13th St,10
0.4,2208 Schriber St # B,5
0.4,2510 E 6th St # A,4
2.4,1208 E 3rd St # A,7
0.2,2623 Exposition Blvd,10
0.5,3200 Grandview St APT 1,9
0.4,1704 Riverview St,5
3.5,Mablo Rdg,7
0.1,707 1/2 Harris Ave,9
1.1,2401 Leon St APT 111,9
1.1,806 W 24th St APT 225,9
0.5,3011 Speedway APT 5,9
0.1,800 E 32nd St,9
1.2,2205 N Lamar Blvd UNIT 111,9
0.9,2612 San Pedro St APT 101,9
0.5,1615 E 7th St # 401,7
0.3,3506 Harmon Ave,9
0.3,802 Leonard St,9
0.2,2007 Holly St,5
0.7,2914A Rio Grande St,9
1.1,2401 Leon St APT 100,9
1.1,2401 Leon St APT 100,9
0.9,2612 San Pedro St APT 101,9
0.5,3000 Speedway # 4,9
0.5,3000 Speedway # 1,9
0.8,408 W 33rd St,9
0.3,1111 W 31st St,9
0.4,409 E 38th St APT 101,9
0.2,16109 Indina Hills Cv,10
1.8,10422 Turnbull Loop,8
1.8,10422 Turnbull Loop,8
0.2,16109 Indina Hills Cv,10
0.6,2802 Castro St,3
0.5,1602 Chestnut Ave,7
2.6,1502 Robert Weaver Ave,7
1.0,2915 E 13th St,7
0.5,1604 Navasota St,7
1.1,2931 E 13th St,7
0.3,1707 E 14TH St,7
2.5,1407 E 3rd St,7
1.1,2610 Sol Wilson Ave,7
0.1,1106 Gunter St # 1/2,3
1.8,10422 Turnbull Loop,8
0.4,3203 Kay St,3
1.8,10422 Turnbull Loop,8
0.3,10021 Double Eagle Pass,10
0.1,505 Tillery St # 6,4
0.4,911 Linden St,3
0.2,2002 E 10th St,10
0.2,2005 E Cesar Chavez St,5
0.4,2607 Hidalgo St,4
0.5,2613 Canterbury St,4
0.4,2510 E 6th St,4
0.2,1212 Chicon St # 202,7
0.8,2815 E 14TH St,7
0.8,3001 Glen Rae St,7
0.4,2003 New York Ave,10
1.8,10507 Turnbull Loop,8
0.2,1413 Hargis Creek Trl,9
1.9,11221 Avery Station Loop # 38,8
0.2,16109 Indina Hills Cv,10
1.2,3012 E 12th St,7
0.5,7808 Monona Ave,10
0.4,2202 E 9th St,10
0.1,1113 Lawson Ln,10
2.3,41 Waller St APT 208,7
2.3,41 Waller St APT 208,7
0.8,1601 Miriam Ave,7
0.5,2203 Sl Davis Ave # B,10
0.1,2907 E 5th St,4
0.9,2904 E 12th St,7
2.6,310 Comal St # 206,7
0.2,3300 Neal St,3
0.3,2000 E 7th St # 236,7
0.9,1003 Muse Ln # 21,7
0.3,2012 E 9th St,10
0.4,2708 Willow St,4
0.1,505 Tillery St # 10,4
0.2,2002 Holly St,5
0.1,2110 Holly St # B,5
0.4,3010 Castro St,3
0.5,1803 E 18th St # A,7
0.3,1708 E 6th St,7
2.4,1300 Taylor St,7
0.1,2212 Canterbury St,5
0.8,1601 Miriam Ave UNIT 300,7
0.4,2510 E 6th St,4
0.3,2000 E 7th St # 244,7
0.2,2804 E 3rd St,4
0.4,1710 Riverview St,5
0.4,Haskell St,10
0.1,2110 Holly St # A,5
0.9,1800 Miriam Ave,7
0.7,1707 Cedar Ave,7
0.5,1009 Juniper St,10
2.5,1409 Canterbury St,7
1.2,3007 E 12th St,7
0.2,1212 Chicon St # 204,7
0.2,77 Chicon St,5
0.5,2409 E 9th St,7
2.6,310 Comal St # 307,7
0.5,1215 Maple Ave,7
0.5,1213 Maple Ave,7
1.2,3004 Govalle Ave,7
0.3,1203 Short Hackberry St,10
0.7,1307 Walnut Ave # B,7
2.6,310 Comal St # 206,7
0.4,1156 Waller St,10
0.3,1802 Garden St,5
0.3,1159 Navasota St,10
0.4,1901 Riverview St,5
1.0,2542 Sol Wilson Ave,7
1.0,1173 Pandora St,7
0.4,2506 E 6th St # B,4
0.5,2502 E Cesar Chavez St,4
0.4,708 Northwestern Ave,7
0.1,3008 E 2nd St,4
1.1,2940 E 14th St,7
0.7,2707 Francisco St,3
0.1,1131 Leona St,10
0.2,2001 Tillotson Ave,10
0.3,627 Allen St,4
0.5,1000 Linden St,3
2.6,310 Comal St # 206,7
0.2,2201 Haskell St # B,5
0.2,3211 Holton St # A,4
0.6,1011 Walter St,7
0.8,1601 Miriam Ave,7
1.2,3007 E 12th St,7
2.5,1408 Canterbury St,7
0.3,2000 E 7th St # 236,7
0.2,2715 E 5th St,4
1.1,1008 Muse Ln # 14,7
2.4,1305 E 6th St APT 8,7
2.3,41 Waller St APT 208,7
0.5,3002 Castro St,3
0.1,2112 Holly St,5
0.4,1704 E 17th St,7
1.2,1708 Harvey St APT A,7
0.4,2205 E 13th St,7
2.4,1216 Holly St,7
0.1,505 Tillery St # 6,4
0.3,1512 Pennsylvania Ave,10
0.4,2508 E 6th St,4
0.3,3311 Kay St,3
1.9,10908 Roy Butler Dr,9
0.3,10021 Double Eagle Pass,10
0.5,2813 Castro St,4
1.8,10422 Turnbull Loop,8
0.2,16109 Indina Hills Cv,10
0.2,16109 Indina Hills Cv,10
0.2,400 Soft Cloud Cv,9
1.4,14524 Banbridge Trl,9
0.3,9204 Bladen Springs Cv,9
1.0,2521 Sol Wilson Ave,7
0.4,1114 Northwestern Ave,10
0.4,2508 E 6th St # A,4
0.2,2124 E 6th St UNIT 418,7
2.4,1209 Taylor St,7
1.4,3119 E 13th St,7
0.2,2403 Santa Rosa St,7
1.1,1114 Euphoria Bnd # 28,7
0.4,1154 Alamo St,10
0.4,9205 Bladen Springs Cv,9
0.5,17116 Crescent Heights Trl,9
1.4,14805 Thatcher Dr,10
0.6,16502 Lounsbury Pl,10
0.8,15525 Fisher Island Dr,10
0.3,405 Warm Moon Cv,9
0.6,7904 Lecompte Rd,10
0.5,8919 Joachim Ln,10
0.5,16625 Dalmahoy Dr,10
1.7,10516 Dunham Forest Rd,9
0.8,9512 Eagle Knl,10
0.7,9716 Pasatiempo Dr,10
0.4,16113 Rustic Ln,10
2.1,13617 Camp Comfort Ln,8
1.9,10808 Rock Island Dr # 49,9
1.5,10018 Mirage Cv,10
1.6,15112 Sunningdale St,9
0.4,15705 Hilcroft Cv,10
2.0,11617 Yeadon Way,9
2.1,14121 Genesee Trl,8
0.2,16811 Village Oak Loop,9
1.9,11217 Wyola Bnd,9
0.5,2501 E 4th St # 2501B,4
0.5,33 Chalmers Ave,5
2.5,1308 E 2nd St,7
0.8,1181 Hargrave St,7
0.6,1601 Maple Ave,7
0.7,1804 Singleton Ave,7
0.3,2000 E 9th St,10
0.4,2200 Rosewood Ave,10
0.4,2200 Rosewood Ave,10
2.5,66 Navasota St,7
1.5,11704 Springs Head Loop,9
0.4,2604 Diaz St,4
1.8,10422 Turnbull Loop,8
0.2,16109 Indina Hills Cv,10
0.3,10101 Double Eagle Pass,10
1.5,14812 Avery Ranch Blvd APT 2,9
0.3,10101 Double Eagle Pass,10
0.2,16109 Indina Hills Cv,10
0.3,10101 Double Eagle Pass,10
0.3,10101 Double Eagle Pass,10
0.2,16109 Indina Hills Cv,10
1.7,14001 Avery Ranch Blvd UNIT 304,9
2.2,10709 Canton Jack Rd,8
1.3,15104 Calaveras Dr,10
0.3,10021 Double Eagle Pass,10
0.4,16521 Ennis Trl,10
0.7,17025 Conway Springs Ct,9
1.5,15008 Galena Dr,10
1.3,11300 Los Comancheros Rd,9
0.9,9517 Eagle Knl,10
0.2,8516 Racine Trl,10
1.7,14815 Avery Ranch Blvd UNIT 1503,9
0.5,3304 Grooms St,9
0.6,715 W 35th St,9
1.1,1106 W 22nd 1/2 St,9
0.8,2709 Francisco St # B,3
0.4,2603 E 3rd St,4
1.0,910 W 25th St APT 307,9
0.2,2911 E 3rd St,4
0.2,2102 Haskell St # B,5
0.2,1123 3/4 Gunter St,3
0.5,2403 E 13th St,7
0.2,1612A E 13th St # A,7
0.5,746 Northwestern Ave,7
0.2,1005 Cherico St,3
1.9,800 Embassy Dr # 302,9
0.4,1208 Coleto St,7
2.4,1308 Canterbury St,7
0.8,2709 Francisco St # A,3
0.2,2102 Haskell St # A,5
0.3,1607 New York Ave,10
1.9,800 Embassy Dr # 117,9
0.4,2408 E 11th St,10
2.6,64 Comal St,7
0.4,2200 Rosewood Ave,10
0.6,1601 Maple Ave,7
0.3,2116 E 8th St,7
1.9,800 Embassy Dr # 117,9
0.8,1612 Miriam Ave # A,7
0.3,1804 Willow St,5
0.3,10101 Double Eagle Pass,10
0.2,16109 Indina Hills Cv,10
0.2,16109 Indina Hills Cv,10
2.0,15516 Bandon Dr,9
1.0,9507 Mcknight Loop,10
2.0,13925 Turkey Hollow Trl,9
1.0,14701 Catarina Way,10
1.0,14701 Catarina Way,10
1.6,14812 Avery Ranch Blvd APT 54,9
0.3,10101 Double Eagle Pass,10
1.8,10422 Turnbull Loop,8
1.9,15417 Echo Hills Dr,9
0.8,15416 Iveans Way,10
0.8,15301 Sisters Cir,10
0.9,14702 Catarina Way,10
0.9,14706 Catarina Way,10
1.2,14901 Solera Dr,10
0.3,10021 Double Eagle Pass,10
0.3,10101 Double Eagle Pass,10
1.6,10701 Kilkee Cv,9
0.2,16308 Almaden Dr,10
6.6,13203 Von Quintus Rd,4
1.9,15309 Bandon Dr,9
4.4,8819 S Fm 973,4
1.3,15208 Calaveras Dr,10
1.1,501 W 26th St APT 101,9
1.9,15528 Brodick Dr,9
4.1,8301 Citation Ave,4
1.2,2220 Leon St APT 202,9
5.2,6902 Viewing Pl,4
0.4,710 E Dean Keeton St APT 104,9
0.8,2815 Rio Grande St APT 101,9
0.5,3200 Grandview St APT 1,9
0.7,2908 Rio Grande St,9
1.2,701 W 24TH St # 208,9
1.0,2505 San Gabriel St APT 101,9
1.0,2505 San Gabriel St APT 101,9
1.2,701 W 24TH St # 107,9
1.3,1910 Robbins Pl APT 102,9
1.0,2505 San Gabriel St APT 409,9
0.6,108 Laurel Ln,9
0.7,3316 Guadalupe St APT 201,9
1.0,2505 San Gabriel St APT 101,9
0.8,1805 Exposition Blvd,10
0.5,1010 W 10th St # 101,9
1.2,1405 Meriden Ln,10
0.8,1606 Ethridge Ave,10
0.4,3400 Happy Hollow Ln,9
0.9,1600 Dillman St,10
1.1,1405 Wooldridge Dr,10
0.7,300 Bowie St APT 1803,9
1.0,2007 Griswold Ln,10
0.8,2414A Hartford Rd,10
1.0,1404 Norwalk Ln APT 101,10
0.6,1213 Parkway # A,9
0.4,2304 Westover Rd,10
1.3,1100 Wayside Dr,10
0.7,3611 Windsor Rd,10
0.8,2714 Windsor Rd,10
0.4,3000 Funston St,9
0.5,1000 Baylor St # B,9
1.0,2314 Enfield Rd,10
0.5,2602 Velasquez Dr,10
0.9,3607 Meredith St # 2,10
1.0,2314 Enfield Rd,10
0.2,1610 Waterston Ave APT 1,9
0.5,1106 W 6th St APT 101,9
0.6,15 Scott Cres,10
0.4,2703 Macken St,10
0.2,3306 Bryker Dr,9
1.0,1500 Dillman St,10
0.4,1210 Windsor Rd APT 114,9
0.7,300 Bowie St APT 1803,9
0.2,2707 Pecos St,10
1.0,3308 Enfield Rd,10
0.2,2707 Mountain Laurel Ln,10
0.2,1501 W 6th St # 2-B,9
0.5,2200 Bonita St,10
0.2,3306 Bryker Dr,9
0.8,1808 Forest Trl,10
1.3,1604 W Lynn St,10
1.4,2112 W 10th St,10
0.7,300 Bowie St APT 1803,9
0.5,2505 Bowman Ave,10
0.3,3412 Happy Hollow Ln,9
1.3,2111 W 12th St,10
0.6,3217 Gilbert St,10
0.1,1607 W 8th St # B,9
1.2,1305 Meriden Ln,10
1.1,2106 Hartford Rd,10
1.1,3500 Enfield Rd APT C,10
0.2,606 W Lynn St APT 12,9
0.1,1609B W 8th St # B,9
0.8,800 W 5th St APT 401,9
1.1,2402 Pemberton Pl,10
0.5,1100 Castle Ct,9
0.4,2806 Warren St,10
0.7,2531 Scenic Dr,10
0.7,2412 Mccall Rd,10
0.8,800 W 5th St APT 302,9
0.2,1205 Elm St,9
1.0,3000 Enfield Rd,10
0.2,1205 Elm St,9
0.4,3302 Funston St,9
0.3,1705 W 31st St,9
0.9,2605 Harris Blvd,10
1.3,1700 Summit View Pl,10
0.4,1111 W 12th St APT 101,9
0.2,1205 Elm St,9
0.7,300 Bowie St APT 1803,9
0.5,2 Scott Cres,10
1.3,1714 Enfield Rd APT 108,10
1.5,1505 Murray Ln,10
0.5,1010 W 10th St # 305,9
0.1,904 Robertson St,9
0.2,1205 Elm St,9
0.4,1303 Newfield Ln,9
1.0,3705 Cherry Ln,10
0.2,1205 Elm St,9
0.3,1712 Palma Plz APT A,9
0.6,22 Margranita Cres,10
0.5,1010 W 10th St # 305,9
1.4,1001 Meriden Ln,10
0.8,1511 Northwood Rd,10
0.8,2813 Glenview Ave,10
0.2,1205 Elm St,9
0.8,1605 Preston Ave,10
0.5,1010 W 10th St # 305,9
0.2,1205 Elm St,9
0.6,901 W 9th St APT 104,9
0.7,300 Bowie St APT 2604,9
0.1,26394 Us Highway 70 #5,10
1.0,2408 Enfield Rd APT 102,10
0.4,44 Woodstone Sq,10
0.4,1908 W 33rd St # B,9
0.1,2717 Mountain Laurel Ln,10
1.0,2314 Enfield Rd,10
0.5,1215 Castle Hill St,9
0.4,1822 W 10th St # B,9
0.3,613 Theresa Ave,9
0.4,1210 Windsor Rd APT 102,9
0.5,1200 Castle Hill St APT I,9
1.4,2105 W 11th St,10
0.7,300 Bowie St APT 1803,9
1.3,2406 Marlton Dr,10
0.9,1406 Northwood Rd,10
0.2,1205 Elm St,9
1.2,1607 Wethersfield Rd,10
0.2,1205 Elm St,9
1.0,1404 Norwalk Ln APT 109,10
0.6,1801 Mohle Dr,10
1.4,802 Newman Dr,10
0.2,1205 Elm St,9
0.6,2514 El Greco Cv,10
0.9,3414 Bridle Path,10
0.2,1202 Marshall Ln APT 5,9
0.5,2501 Bowman Ave # A,10
0.9,2415 Hartford Rd # A,10
0.2,606 W Lynn St APT 12,9
0.4,2020 S Congress Ave APT 2203,5
1.0,1600 Barton Springs Rd UNIT 5109,9
0.6,1315 Kenwood Ave,5
0.1,3018 S 1st St APT 113,8
0.4,2502 Wilson St,8
0.1,721 W Monroe St,6
0.2,2107 Travis Heights Blvd,5
0.1,405 S Park Dr,8
0.5,211 W Johanna St # 13,5
0.4,3200 S 5th St,8
0.2,1302 S 6th St,6
0.6,1307 Kenwood Ave,5
0.5,404 W Alpine Rd,5
0.3,300 Ben Howell Dr,8
0.8,906 Josephine St,9
0.2,901 W Mary St,6
0.4,2804 Treble Ln UNIT 934,8
0.4,2520 Bluebonnet Ln UNIT 26,9
1.3,210 Lee Barton Dr UNIT 304,9
1.0,1600 Barton Springs Rd UNIT 6205,9
0.4,2301 S 5th St APT 23,6
0.6,1327 Bonham Ter,5
0.5,2525 S Lamar Blvd APT 201,9
1.0,3204 Manchaca Rd APT 313,8
0.5,S 5TH St,8
0.3,708 W Johanna St,6
0.5,3306 Garden Villa Ln,8
0.6,2602 Del Curto Rd UNIT F,9
0.6,3801 Manchaca Rd APT 20,8
0.1,510 Powell Cir,8
0.4,2303 S 3rd St,6
0.3,1902 S 6th St,6
0.1,1602 S 3rd St,6
0.3,1801 Barton Pkwy,10
1.0,3204 Manchaca Rd APT 313,8
0.4,2800 S 5th St # A,8
0.4,613 Fletcher St,6
0.6,1810 Treadwell St,9
0.6,305 W Monroe St # B,5
0.3,1506 Alta Vista Ave,5
0.3,3102 S Congress Ave,8
0.3,3102 S Congress Ave,8
0.5,1504 Collier St UNIT 1,9
0.7,1714 Cinnamon Path,9
0.5,4021 Valley View Rd # B,8
0.5,211 W Johanna St # 13,5
0.1,1612 S 3rd St,6
0.5,2502 Southland Dr # A,9
0.5,3812 Wadford St,5
0.9,804 Josephine St,9
0.4,2300 S 5th St,6
1.0,1600 Barton Springs Rd UNIT 5109,9
0.6,1204 W Oltorf St,6
0.2,3111 Fontana Dr,8
0.6,1820 Treadwell St,9
0.3,2614 Stacy Ln,8
0.3,2015 Ashby Ave,9
0.6,4007 Clawson Rd,8
0.8,3601 Manchaca Rd APT 101,8
0.3,2015 Rabb Glen St # A,9
0.6,2320 Westoak Dr,10
0.6,802 S 1st St APT 213,6
0.4,2201 Farnswood Cir,10
0.5,2411 S 5th St,8
0.9,3406 Manchaca Rd APT 14,8
0.5,2504 S 5th St # B,8
0.1,811 S Center St,5
0.3,1802 Frazier Ave,9
0.4,2301 S 5th St APT 14,6
0.5,404 W Alpine Rd,5
0.6,310 W Milton St,5
0.3,W Gibson St,6
0.5,404 W Alpine Rd,5
0.8,1121 Hollow Creek Dr # B,10
0.6,2722 Tether Trl,10
0.1,605 Peacock Ln # 1,8
0.5,1120 Reagan Ter # A,5
0.2,2016 Goodrich Ave APT 1B,9
0.4,4025 Manchaca Rd,8
0.6,4013 Clawson Rd,8
0.3,908 James St,6
0.7,1004 Kinney Ave,9
0.2,2404 Homedale Cir,10
1.0,3600 S Lamar Blvd APT 105,10
0.3,606 W Johanna St,6
0.1,908 W Monroe St,6
0.5,2110 La Casa Dr,9
0.3,2105 Matterhorn Ln,10
0.5,1816 Margaret St,9
0.8,1609 Roberts Ave,9
0.4,2409 Ann Arbor Ave APT B1,9
0.3,1716 Barton Hills Dr,10
0.1,828 Banister Ln,5
0.5,2216 Thornton Rd APT 211,9
0.3,1609 Nash Ave,9
0.4,2204 Schriber St # B,5
0.3,1805 Frazier Ave,9
0.5,210 Lee Barton Dr UNIT 420,10
0.6,2716 Kinney Oaks Ct,9
0.3,406 E Annie St,5
0.3,2015 Rabb Glen St # B,9
0.9,1607 Lightsey Rd,9
0.5,2505 Euclid Ave,8
0.9,3406 Manchaca Rd APT 14,8
0.5,2505 S 5th St,8
0.3,3102 S Congress Ave,8
1.0,1600 Barton Springs Rd UNIT 5109,9
0.9,3406 Manchaca Rd APT 14,8
0.1,808 W Annie St # A,6
1.0,3204 Manchaca Rd APT 313,8
0.4,2520 Bluebonnet Ln UNIT 26,9
0.4,2729 Dulce Ln UNIT 523,8
0.4,2729 Dulce Ln UNIT 523,8
1.0,1600 Barton Springs Rd UNIT 5307,9
0.3,1807 Anita Dr,9
0.4,2729 Dulce Ln UNIT 523,8
0.3,2701 Oak Park Dr,10
0.4,2729 Dulce Ln UNIT 523,8
0.4,2520 Bluebonnet Ln UNIT 26,9
0.3,2908B S 5th St # B,8
0.5,2322 Thornton Rd # B,9
0.3,702 W Johanna St,6
0.3,3102 S Congress Ave,8
0.3,715 W Johanna St,6
0.1,913 Jewell St,6
0.5,2309 Oak Crest Ave,6
0.6,2411 Euclid Ave,8
0.3,3014 S 4th St # B,8
0.3,2215 Post Rd APT 2057,5
0.6,1307 Newning Ave # A,5
0.3,707 Cardinal Ln APT C1,5
0.3,3102 S Congress Ave,8
0.4,2300 S 5th St,6
0.3,915 Cardinal Ln,5
0.8,1908 Lightsey Rd # A,9
0.4,2520 Bluebonnet Ln UNIT 1,9
1.0,1600 Barton Springs Rd UNIT 5307,9
0.5,404 W Alpine Rd,5
0.5,404 W Alpine Rd,5
0.2,2105 Goodrich Ave APT 6,9
0.3,707 Cardinal Ln APT C1,5
0.3,313 Lone Oak Dr,5
0.6,500 S 3 St # C,6
0.3,3102 S Congress Ave,8
0.1,901 S Center St,5
0.5,404 W Alpine Rd,5
0.8,3609 Clawson Rd # B,8
0.1,1905 Paramount Ave,9
0.1,2011 Alta Vista Ave,5
0.5,404 W Alpine Rd,5
1.0,1600 Barton Springs Rd UNIT 6205,9
1.1,3450 Willowrun Dr APT D,5
0.9,3100 Manchaca Rd # 12,8
0.1,1101 W Monroe St,6
0.3,707 W Johanna St # B,6
0.6,1208 Kinney Ave,9
0.4,1404 Oxford Ave,9
1.0,3204 Manchaca Rd APT 110,8
0.1,404 S Park Dr,8
0.5,3812 Wadford St,5
0.7,2807 Del Curto Rd,9
0.0,800 Rosedale Ter UNIT B,5
1.0,1600 Barton Springs Rd UNIT 5109,9
0.6,1702 S Lamar Blvd UNIT 17,9
0.4,2520 Bluebonnet Ln UNIT 26,9
0.8,808 Jessie St,9
0.2,1703 Alameda Dr,5
0.9,3408 Willow Springs Rd,5
0.6,1602 Morgan Ln # B,8
0.3,707 Cardinal Ln APT C3,5
0.9,3100 Manchaca Rd # 12,8
0.7,300B Academy Dr # B,5
0.5,2525 S Lamar Blvd APT 317,9
0.3,2304 Rebel Rd,5
0.4,1127 Gillespie Pl,5
0.9,602 Cliff Dr,9
0.3,2600 Oakhaven Dr,10
0.4,2204 Forest Bend Dr,10
0.5,2506 S 5th St # A,8
0.9,3100 Manchaca Rd # 17,8
0.4,2728 Treble Ln UNIT 403,8
1.0,3204 Overcup Oak Dr,9
0.2,2502 Cedarview Dr,10
0.2,2601 Rockingham Dr,10
0.3,707 Cardinal Ln APT C1,5
0.2,1904 Goodrich Ave APT 1,9
0.1,1103 W Monroe St,6
0.2,2016 Rabb Glen St,9
0.2,1401 S 6th St,6
0.1,512 Powell Cir,8
0.3,2606 Wilson St APT 1205,8
0.5,2203 Thornton Rd # A,9
0.3,803 Cumberland Rd # A,8
0.3,2901 Gem Cir # A,8
0.3,2606 S 2nd St,8
0.5,2404 Kinney Rd,9
0.5,1318 Newning Ave APT A,5
0.8,1914 Lightsey Rd APT 6,9
0.5,404 W Alpine Rd,5
0.5,211 W Johanna St # 13,5
0.6,300 Crockett St APT 200,5
0.7,402 W Milton St,5
0.7,1502 Dexter St,9
0.5,1422 Collier St APT 103,9
0.5,1120 Reagan Ter,5
0.9,3406 Manchaca Rd APT 9,8
0.4,2904 Cedarview Dr,10
0.6,2411 Euclid Ave # B,8
0.3,2306 Montclaire St,10
0.3,606 W Johanna St,6
0.3,2105 Glendale Pl,5
0.3,2902 S 4th St,8
0.9,2905A Burning Oak Dr,9
0.3,2118 Brackenridge St APT 6,5
1.0,3600 S Lamar Blvd APT 105,10
0.2,2011 Goodrich Ave,9
0.4,2207 S 3rd St # A,6
0.3,2700 Oak Park Dr,10
0.3,1701 Garner Ave,9
0.4,1601 Brackenridge St,5
0.1,2008 Holland Ave,9
0.3,414 Post Road Dr,5
0.6,209 Lessin Ln,5
0.6,3815 Manchaca Rd APT 1,8
0.3,3102 S Congress Ave,8
0.6,1227 Newning Ave UNIT 9,5
0.5,404 W Alpine Rd,5
1.0,1600 Barton Springs Rd UNIT 5109,9
0.3,2107 De Verne St,9
0.8,1901 Glen Allen St APT 2,9
0.3,1120 Fairmount Ave. #A,5
0.2,2907 Brinwood Ave,8
0.4,124 Cumberland Rd APT 203,8
0.4,2520 E 3rd St,4
0.6,2200 Dickson Dr APT 112,9
0.5,1021 Walter St,7
0.3,1120 Fairmount Ave. #B,5
0.3,1143 Poquito St,10
0.1,2107 Garden St,5
0.4,1139 Poquito St,10
0.6,2307 E 18th Ave,7
0.5,1601 E 5th St APT 204,7
2.4,1309 Garden St,7
0.8,1609 Walnut #B,7
0.3,2005 Sl Davis Ave APT B,10
0.7,1711 Maple Ave,7
0.8,1611 Walnut Ave,7
0.9,2902 E 13th St,7
0.4,2006 Pennsylvania Ave # B,10
1.5,98 San Jacinto Blvd # 804,9
0.9,222 West Ave # 2101,9
1.8,603 Davis St APT 1510,9
0.9,222 West Ave # 2109,9
0.9,222 West Ave # 2504,9
1.4,200 Congress Ave UNIT 12E,9
1.0,360 Nueces St APT 3904,9
1.9,54 Rainey St APT 1121,9
1.0,360 Nueces St APT 3904,9
1.8,70 Rainey St # 1607,9
1.8,603 Davis St APT 1510,9
0.9,222 West Ave # 2109,9
1.8,70 Rainey St # 1502,9
0.9,222 West Ave # 2109,9
1.2,210 Lavaca St APT 3109,9
1.0,505 W 7th St APT 315,9
0.8,501 West Ave # 1904,9
1.9,54 Rainey St APT 701,9
0.8,501 West Ave # 1201,9
1.9,54 Rainey St APT 701,9
1.6,555 E 5th St APT 827,9
1.0,360 Nueces St APT 3904,9
2.0,40 N I H 35 APT TH2,9
1.8,603 Davis St APT 1510,9
1.6,555 E 5th St APT 827,9
1.6,555 E 5th St APT 2706,9
1.4,200 Congress Ave # 44J,9
1.6,555 E 5th St APT 2706,9
1.5,1808 Rio Grande St APT 1,9
1.4,200 Congress Ave UNIT 21A,9
1.5,410 E 5th St APT 207,9
1.2,210 Lavaca St APT 3109,9
1.5,201 E 4th St APT 201,9
0.9,222 West Ave # 2109,9
1.0,360 Nueces St APT 3904,9
1.0,360 Nueces St APT 3904,9
1.9,54 Rainey St APT 701,9
1.8,603 Davis St APT 1510,9
1.2,210 Lavaca St APT 3109,9
1.2,210 Lavaca St APT 3109,9
1.6,555 E 5th St APT 2706,9
1.0,202 Nueces St # 2506,9
1.4,200 Congress Ave # 44J,9
1.2,1122 Colorado St APT 1001,9
0.9,222 West Ave # 2109,9
1.2,1122 Colorado St APT 1001,9
1.8,603 Davis St APT 1510,9
1.0,202 Nueces St # 2506,9
1.0,360 Nueces St APT 3904,9
1.4,200 Congress Ave UNIT 21A,9
1.6,555 E 5th St APT 2706,9
0.9,222 West Ave # 2101,9
1.2,200 Congress Ave UNIT 13F,5
1.0,202 Nueces St # 2505,9
1.2,210 Lavaca St APT 3108,9
1.8,603 Davis St APT 1510,9
1.5,98 San Jacinto Blvd # 702,9
0.9,222 West Ave # 2101,9
1.4,200 Congress Ave UNIT 21A,9
0.8,1306 West Ave # 1A,9
0.8,1306 West Ave # 1A,9
0.8,1306 West Ave,9
1.5,98 San Jacinto Blvd # 804,9
1.8,603 Davis St APT 1510,9
1.5,98 San Jacinto Blvd # 804,9
0.9,222 West Ave # 2101,9
1.5,98 San Jacinto Blvd # 1203,9
1.6,555 E 5th St APT 2706,9
1.7,507 Sabine St APT 909,9
0.9,222 West Ave # 2109,9
0.9,222 West Ave # 2109,9
0.8,1306 West Ave # 1A,9
1.8,603 Davis St APT 1510,9
0.9,222 West Ave # 2109,9
1.0,360 Nueces St APT 1606,9
0.8,501 West Ave # 1904,9
0.9,222 West Ave # 2504,9
1.2,210 Lavaca St APT 3212,9
1.8,603 Davis St APT 1510,9
0.9,222 West Ave # 2504,9
1.9,54 Rainey St APT 701,9
0.9,(Undisclosed Address),9
1.2,210 Lavaca St APT 3109,9
1.8,609 Davis St,9
1.2,200 Congress Ave UNIT 13F,5
0.8,501 West Ave # 1904,9
1.0,360 Nueces St APT 2707,9
1.6,98 San Jacinto Blvd # 2306,9
1.6,712 W 16th St,9
1.8,603 Davis St APT 905,9
1.2,710 Colorado St APT 3B,9
1.2,710 Colorado St APT 3B,9
1.8,603 Davis St APT 802,9
1.5,98 San Jacinto Blvd # 804,9
1.3,2082 Kennedy Dr,9
1.9,54 Rainey St APT 309,9
1.4,411 Brazos St APT 225,9
1.0,360 Nueces St APT 3001,9
